{
  "unit": "ms",
  "n_samples": 500,
  "values": [
    126.25265121459961,
    12.78066635131836,
    13.157844543457031,
    12.526750564575195,
    12.733221054077148,
    12.791872024536133,
    12.664318084716797,
    13.068199157714844,
    17.70949363708496,
    13.480424880981445,
    13.924837112426758,
    13.311624526977539,
    13.229131698608398,
    14.101982116699219,
    15.887737274169922,
    13.568401336669922,
    13.180255889892578,
    13.25845718383789,
    13.474702835083008,
    15.058517456054688,
    13.89932632446289,
    13.610601425170898,
    13.529300689697266,
    13.08894157409668,
    13.351917266845703,
    13.921976089477539,
    13.509988784790039,
    13.191699981689453,
    14.872312545776367,
    13.161420822143555,
    13.238668441772461,
    13.967514038085938,
    13.638496398925781,
    15.132904052734375,
    13.451814651489258,
    13.227701187133789,
    13.479471206665039,
    13.192892074584961,
    14.281511306762695,
    13.512372970581055,
    13.176202774047852,
    14.422416687011719,
    13.53311538696289,
    14.042854309082031,
    13.204813003540039,
    13.381242752075195,
    13.077974319458008,
    13.14997673034668,
    13.891458511352539,
    13.066291809082031,
    13.194799423217773,
    14.517068862915039,
    15.046834945678711,
    13.128280639648438,
    14.487504959106445,
    13.207435607910156,
    15.199661254882812,
    16.841411590576172,
    14.329671859741211,
    13.27061653137207,
    13.425111770629883,
    13.14997673034668,
    14.145612716674805,
    13.52691650390625,
    14.940738677978516,
    14.01376724243164,
    13.520479202270508,
    13.37289810180664,
    13.509750366210938,
    13.228178024291992,
    13.384103775024414,
    13.251304626464844,
    14.339685440063477,
    13.551950454711914,
    14.233589172363281,
    13.18359375,
    13.178586959838867,
    13.30113410949707,
    13.385534286499023,
    14.027595520019531,
    13.210296630859375,
    12.849092483520508,
    12.895822525024414,
    12.958526611328125,
    13.08584213256836,
    12.858152389526367,
    12.84480094909668,
    13.53597640991211,
    15.18559455871582,
    13.363361358642578,
    14.061689376831055,
    13.469457626342773,
    12.783050537109375,
    13.00501823425293,
    13.301372528076172,
    13.987302780151367,
    13.689279556274414,
    13.143777847290039,
    12.770652770996094,
    13.223409652709961,
    12.908458709716797,
    15.46621322631836,
    12.998104095458984,
    13.153314590454102,
    12.952089309692383,
    12.93492317199707,
    12.793779373168945,
    12.749671936035156,
    14.059782028198242,
    12.785911560058594,
    12.871026992797852,
    13.91744613647461,
    12.88604736328125,
    14.680147171020508,
    12.847185134887695,
    12.80975341796875,
    13.067007064819336,
    13.200521469116211,
    13.180732727050781,
    12.891054153442383,
    12.730836868286133,
    13.78011703491211,
    13.716459274291992,
    12.962818145751953,
    13.068675994873047,
    12.824058532714844,
    13.652563095092773,
    15.099763870239258,
    14.947652816772461,
    13.722896575927734,
    13.810396194458008,
    12.776374816894531,
    13.061761856079102,
    13.183116912841797,
    13.182401657104492,
    12.879371643066406,
    12.701988220214844,
    13.425588607788086,
    12.770891189575195,
    13.077020645141602,
    13.100385665893555,
    12.990951538085938,
    12.871026992797852,
    13.24319839477539,
    12.85552978515625,
    13.471603393554688,
    13.564586639404297,
    12.683629989624023,
    12.818574905395508,
    15.303373336791992,
    12.832403182983398,
    16.333341598510742,
    12.912750244140625,
    12.74251937866211,
    12.804508209228516,
    12.818098068237305,
    12.949228286743164,
    13.257980346679688,
    13.147830963134766,
    12.932062149047852,
    13.938665390014648,
    15.032529830932617,
    17.055273056030273,
    13.622045516967773,
    13.009309768676758,
    13.28730583190918,
    13.04006576538086,
    13.31949234008789,
    13.680458068847656,
    12.900829315185547,
    15.087604522705078,
    13.921976089477539,
    12.941122055053711,
    13.214349746704102,
    15.66457748413086,
    13.483047485351562,
    14.70804214477539,
    13.507366180419922,
    12.926101684570312,
    13.758659362792969,
    12.964248657226562,
    14.203071594238281,
    12.878179550170898,
    16.48688316345215,
    15.14744758605957,
    12.940645217895508,
    13.113260269165039,
    12.697219848632812,
    12.866735458374023,
    13.274192810058594,
    12.863397598266602,
    26.4892578125,
    13.085126876831055,
    12.9547119140625,
    13.331413269042969,
    13.15450668334961,
    12.793540954589844,
    13.15760612487793,
    13.118267059326172,
    13.826847076416016,
    13.092279434204102,
    12.876272201538086,
    13.092756271362305,
    12.829065322875977,
    12.774944305419922,
    14.390230178833008,
    12.81285285949707,
    12.70437240600586,
    13.626813888549805,
    12.92562484741211,
    13.785600662231445,
    13.048410415649414,
    13.724088668823242,
    13.873815536499023,
    13.05842399597168,
    12.878656387329102,
    13.834476470947266,
    12.736082077026367,
    14.482498168945312,
    12.92562484741211,
    12.862443923950195,
    12.85862922668457,
    13.408422470092773,
    12.866497039794922,
    13.44609260559082,
    13.358831405639648,
    12.936115264892578,
    13.174772262573242,
    14.510631561279297,
    12.937307357788086,
    12.699127197265625,
    13.154029846191406,
    13.937234878540039,
    13.566255569458008,
    14.34016227722168,
    13.148069381713867,
    12.88747787475586,
    13.089179992675781,
    12.78376579284668,
    12.748241424560547,
    13.031244277954102,
    23.961544036865234,
    12.91656494140625,
    13.451814651489258,
    13.432979583740234,
    14.742612838745117,
    12.85099983215332,
    12.756109237670898,
    15.337944030761719,
    13.158321380615234,
    13.044118881225586,
    13.332843780517578,
    12.91346549987793,
    12.669563293457031,
    12.869119644165039,
    12.9241943359375,
    13.102293014526367,
    13.209819793701172,
    15.303373336791992,
    12.74871826171875,
    12.824058532714844,
    13.574600219726562,
    12.966156005859375,
    12.888431549072266,
    12.979984283447266,
    14.127492904663086,
    13.201475143432617,
    13.151407241821289,
    13.709068298339844,
    13.510942459106445,
    15.017271041870117,
    13.340950012207031,
    13.191938400268555,
    14.768362045288086,
    13.045549392700195,
    13.95559310913086,
    12.833833694458008,
    13.547420501708984,
    12.967586517333984,
    13.165712356567383,
    13.314962387084961,
    13.010263442993164,
    13.697147369384766,
    12.878894805908203,
    13.086795806884766,
    13.607263565063477,
    12.807369232177734,
    12.94398307800293,
    12.764930725097656,
    13.021707534790039,
    13.411998748779297,
    12.874841690063477,
    12.651681900024414,
    13.199806213378906,
    12.88151741027832,
    14.2974853515625,
    13.044595718383789,
    13.093233108520508,
    13.335943222045898,
    12.846231460571289,
    15.102624893188477,
    13.18812370300293,
    13.019084930419922,
    16.2200927734375,
    12.95614242553711,
    13.184070587158203,
    13.02790641784668,
    13.260602951049805,
    13.206958770751953,
    13.04769515991211,
    13.360023498535156,
    13.093948364257812,
    13.147592544555664,
    12.871980667114258,
    12.738227844238281,
    13.120651245117188,
    12.782096862792969,
    13.093233108520508,
    14.818668365478516,
    13.552665710449219,
    13.520002365112305,
    13.608455657958984,
    13.522863388061523,
    13.14854621887207,
    12.948989868164062,
    13.094186782836914,
    14.414787292480469,
    13.903617858886719,
    12.758493423461914,
    13.04483413696289,
    13.94963264465332,
    13.625144958496094,
    14.615058898925781,
    13.113021850585938,
