{
  "unit": "ms",
  "n_samples": 500,
  "values": [
    23.14138412475586,
    22.91393280029297,
    21.918773651123047,
    21.976947784423828,
    21.769285202026367,
    21.89183235168457,
    22.597312927246094,
    24.070262908935547,
    21.58641815185547,
    22.719383239746094,
    22.824764251708984,
    21.327733993530273,
    22.342681884765625,
    23.36597442626953,
    21.766185760498047,
    21.64745330810547,
    23.40531349182129,
    26.968955993652344,
    22.057533264160156,
    22.199153900146484,
    23.705482482910156,
    22.187471389770508,
    22.919654846191406,
    23.1473445892334,
    22.07040786743164,
    22.881507873535156,
    22.622108459472656,
    23.05769920349121,
    24.665355682373047,
    22.501707077026367,
    24.17302131652832,
    23.992538452148438,
    24.111032485961914,
    24.059057235717773,
    22.242069244384766,
    24.225950241088867,
    23.53954315185547,
    22.304296493530273,
    22.253751754760742,
    23.303747177124023,
    23.72908592224121,
    23.682594299316406,
    20.797014236450195,
    23.67711067199707,
    23.42820167541504,
    22.134780883789062,
    25.495052337646484,
    20.177364349365234,
    22.185325622558594,
    22.524118423461914,
    24.077653884887695,
    25.32052993774414,
    24.535417556762695,
    24.863481521606445,
    21.728515625,
    24.425029754638672,
    23.43010902404785,
    21.301746368408203,
    22.336483001708984,
    22.98879623413086,
    18.344640731811523,
    22.772789001464844,
    22.203445434570312,
    23.19192886352539,
    18.206357955932617,
    23.53382110595703,
    24.352073669433594,
    21.454334259033203,
    26.52120590209961,
    21.3778018951416,
    21.13485336303711,
    21.926403045654297,
    22.279739379882812,
    21.564245223999023,
    22.021770477294922,
    22.617340087890625,
    24.451017379760742,
    18.9361572265625,
    24.555683135986328,
    23.04816246032715,
    22.92323112487793,
    22.794723510742188,
    24.650096893310547,
    22.829771041870117,
    22.19367027282715,
    22.431373596191406,
    23.083209991455078,
    22.574663162231445,
    23.244380950927734,
    22.01700210571289,
    25.318145751953125,
    21.266460418701172,
    23.088693618774414,
    21.592140197753906,
    22.51410484313965,
    17.420053482055664,
    24.165868759155273,
    23.279905319213867,
    21.469593048095703,
    22.805452346801758,
    22.36175537109375,
    22.977828979492188,
    24.709701538085938,
    24.671077728271484,
    24.46770668029785,
    22.820472717285156,
    21.676063537597656,
    22.757291793823242,
    23.220300674438477,
    23.117780685424805,
    24.642229080200195,
    17.79961585998535,
    21.802902221679688,
    22.833824157714844,
    23.59461784362793,
    21.732807159423828,
    22.902727127075195,
    22.130489349365234,
    21.51012420654297,
    23.519515991210938,
    22.870302200317383,
    22.026777267456055,
    24.106740951538086,
    23.754358291625977,
    21.705150604248047,
    24.00994300842285,
    22.503137588500977,
    21.64316177368164,
    22.614717483520508,
    22.560834884643555,
    24.077892303466797,
    22.048234939575195,
    22.957563400268555,
    22.966384887695312,
    22.588491439819336,
    22.36771583557129,
    23.520946502685547,
    29.164552688598633,
    23.68307113647461,
    23.402690887451172,
    22.291898727416992,
    23.2393741607666,
    25.360584259033203,
    22.592782974243164,
    23.128509521484375,
    22.3085880279541,
    20.639896392822266,
    25.132179260253906,
    21.994829177856445,
    23.406267166137695,
    23.601293563842773,
    17.46535301208496,
    24.53303337097168,
    22.736787796020508,
    22.521495819091797,
    23.786067962646484,
    22.31287956237793,
    23.292064666748047,
    21.26288414001465,
    24.68109130859375,
    21.286964416503906,
    19.721269607543945,
    23.285865783691406,
    17.582178115844727,
    22.022724151611328,
    22.56941795349121,
    25.033235549926758,
    22.513151168823242,
    21.828651428222656,
    22.593259811401367,
    23.151397705078125,
    22.947311401367188,
    23.381471633911133,
    21.662473678588867,
    22.394418716430664,
    23.201942443847656,
    21.701574325561523,
    23.606061935424805,
    21.449565887451172,
    24.24335479736328,
    22.104740142822266,
    21.280765533447266,
    22.739887237548828,
    24.996042251586914,
    22.315263748168945,
    22.174358367919922,
    22.289037704467773,
    24.027585983276367,
    22.686481475830078,
    22.745609283447266,
    23.75936508178711,
    25.129079818725586,
    23.906230926513672,
    19.65022087097168,
    22.97210693359375,
    23.753881454467773,
    23.08368682861328,
    22.322416305541992,
    22.40729331970215,
    24.297475814819336,
    22.200584411621094,
    22.667407989501953,
    22.875308990478516,
    23.098230361938477,
    24.313926696777344,
    18.993616104125977,
    22.632837295532227,
    22.935867309570312,
    21.49343490600586,
    23.91839027404785,
    23.783445358276367,
    25.11906623840332,
    22.649288177490234,
    22.404193878173828,
    23.08201789855957,
    21.404743194580078,
    24.00994300842285,
    17.037153244018555,
    22.898435592651367,
    20.622968673706055,
    25.27165412902832,
    22.99785614013672,
    21.30293846130371,
    22.842884063720703,
    23.06079864501953,
    23.13828468322754,
    21.687746047973633,
    24.069547653198242,
    22.65787124633789,
    20.700931549072266,
    22.3844051361084,
    20.470619201660156,
    22.129058837890625,
    23.270845413208008,
    22.808074951171875,
    22.14956283569336,
    22.548437118530273,
    23.763179779052734,
    23.476123809814453,
    22.644519805908203,
    24.434566497802734,
    22.645235061645508,
    23.107290267944336,
    22.806644439697266,
    24.83510971069336,
    23.33974838256836,
    22.534608840942383,
    23.087024688720703,
    22.488117218017578,
    22.839784622192383,
    23.42820167541504,
    23.508548736572266,
    22.93109893798828,
    23.355484008789062,
    19.689559936523438,
    22.15433120727539,
    23.18596839904785,
    330.10268211364746,
    26.7794132232666,
    23.900747299194336,
    22.92466163635254,
    25.319576263427734,
    23.832321166992188,
    23.364543914794922,
    23.402929306030273,
    22.995710372924805,
    22.860288619995117,
    22.674560546875,
    26.407241821289062,
    23.389101028442383,
    24.237871170043945,
    25.128841400146484,
    24.00994300842285,
    25.005102157592773,
    25.84218978881836,
    23.26369285583496,
    24.824142456054688,
    42.32311248779297,
    23.4527587890625,
    23.899555206298828,
    24.75118637084961,
    23.016929626464844,
    26.380062103271484,
    23.723840713500977,
    24.787425994873047,
    23.134708404541016,
    19.208908081054688,
    23.579120635986328,
    21.330595016479492,
    26.1075496673584,
    23.745059967041016,
    23.740768432617188,
    23.27871322631836,
    23.752212524414062,
    25.619029998779297,
    23.433208465576172,
    26.293277740478516,
    24.1091251373291,
    23.830652236938477,
    25.56753158569336,
    23.19812774658203,
    23.539066314697266,
    24.76358413696289,
    25.775671005249023,
    23.862361907958984,
    23.750782012939453,
    24.857044219970703,
    25.7260799407959,
    23.72908592224121,
    23.67401123046875,
    24.575471878051758,
    23.82636070251465,
    23.099899291992188,
    24.616718292236328,
    24.953365325927734,
    23.206233978271484,
    23.535490036010742,
    24.322032928466797,
    24.669647216796875,
    24.124622344970703,
    24.498939514160156,
    24.718523025512695,
    23.92721176147461,
    24.959802627563477,
    22.25518226623535,
    21.050691604614258,
    23.830652236938477,
    25.762557983398438,
    24.778366088867188,
    23.69976043701172,
    23.548126220703125,
    23.42820167541504,
    24.668455123901367,
    23.944616317749023,
    24.16062355041504,
