{
  "unit": "ms",
  "n_samples": 500,
  "values": [
    167.98949241638184,
    218.5535430908203,
    24.610280990600586,
    35.521745681762695,
    23.473024368286133,
    23.853778839111328,
    25.2227783203125,
    24.632692337036133,
    24.133920669555664,
    26.717185974121094,
    26.320695877075195,
    24.64914321899414,
    25.594234466552734,
    25.875568389892578,
    25.271892547607422,
    25.864839553833008,
    24.971485137939453,
    24.95718002319336,
    25.67291259765625,
    24.681806564331055,
    41.616201400756836,
    28.32174301147461,
    24.237394332885742,
    25.496721267700195,
    27.235746383666992,
    25.45785903930664,
    25.53558349609375,
    25.51436424255371,
    24.98912811279297,
    25.068044662475586,
    24.73139762878418,
    24.914979934692383,
    24.768352508544922,
    25.846242904663086,
    25.590896606445312,
    24.58024024963379,
    24.36208724975586,
    26.26657485961914,
    29.360055923461914,
    23.73814582824707,
    23.835420608520508,
    25.03824234008789,
    24.750947952270508,
    25.255680084228516,
    25.190353393554688,
    26.70431137084961,
    29.852867126464844,
    45.34101486206055,
    31.917810440063477,
    33.01692008972168,
    25.81024169921875,
    24.952173233032227,
    25.105714797973633,
    27.269601821899414,
    30.344247817993164,
    25.393247604370117,
    25.328636169433594,
    25.304555892944336,
    25.91252326965332,
    25.676965713500977,
    25.435209274291992,
    25.845766067504883,
    25.931835174560547,
    26.274442672729492,
    25.524377822875977,
    26.636123657226562,
    29.999256134033203,
    25.326967239379883,
    25.34341812133789,
    25.771141052246094,
    24.834632873535156,
    25.160789489746094,
    25.45475959777832,
    26.368379592895508,
    26.165246963500977,
    24.84297752380371,
    25.509357452392578,
    24.580001831054688,
    25.47454833984375,
    26.697158813476562,
    24.499177932739258,
    24.77717399597168,
    24.551868438720703,
    24.876117706298828,
    30.196428298950195,
    25.50673484802246,
    25.06566047668457,
    24.12557601928711,
    25.44713020324707,
    25.976181030273438,
    29.217958450317383,
    24.442195892333984,
    25.711774826049805,
    24.57284927368164,
    24.310827255249023,
    23.976802825927734,
    24.7650146484375,
    24.325132369995117,
    24.06764030456543,
    24.45840835571289,
    28.148412704467773,
    24.471282958984375,
    24.968624114990234,
    24.352312088012695,
    24.364948272705078,
    24.686813354492188,
    24.65963363647461,
    24.204254150390625,
    25.213241577148438,
    25.09784698486328,
    24.171829223632812,
    24.478435516357422,
    24.71470832824707,
    24.29938316345215,
    24.758577346801758,
    24.365901947021484,
    24.68419075012207,
    23.833036422729492,
    24.431943893432617,
    24.718523025512695,
    23.918867111206055,
    25.623798370361328,
    29.745101928710938,
    24.178028106689453,
    23.354530334472656,
    24.901390075683594,
    25.59351921081543,
    25.57229995727539,
    25.55680274963379,
    25.05207061767578,
    24.445772171020508,
    25.16913414001465,
    25.176525115966797,
    24.460792541503906,
    24.113893508911133,
    25.094032287597656,
    24.57141876220703,
    24.364233016967773,
    24.705171585083008,
    24.369001388549805,
    25.080442428588867,
    24.280786514282227,
    25.402545928955078,
    24.779796600341797,
    24.40166473388672,
    24.52564239501953,
    24.110794067382812,
    24.55425262451172,
    24.663925170898438,
    23.67568016052246,
    26.12614631652832,
    28.815269470214844,
    23.20098876953125,
    24.575233459472656,
    24.09839630126953,
    24.985551834106445,
    24.407148361206055,
    23.90003204345703,
    24.782419204711914,
    24.585485458374023,
    24.775981903076172,
    24.43552017211914,
    24.225950241088867,
    29.636859893798828,
    25.318622589111328,
    26.101350784301758,
    24.054288864135742,
    24.61075782775879,
    24.759292602539062,
    24.667024612426758,
    25.113582611083984,
    24.600982666015625,
    24.025917053222656,
    24.60932731628418,
    24.955034255981445,
    28.895854949951172,
    24.64008331298828,
    24.52564239501953,
    24.764537811279297,
    24.448394775390625,
    23.920536041259766,
    25.095462799072266,
    24.68395233154297,
    24.243831634521484,
    24.38831329345703,
    24.55449104309082,
    24.602413177490234,
    24.46150779724121,
    24.631261825561523,
    24.508237838745117,
    24.291515350341797,
    24.4903564453125,
    23.8497257232666,
    26.180267333984375,
    24.553775787353516,
    23.184537887573242,
    24.4903564453125,
    24.206876754760742,
    24.710655212402344,
    24.08909797668457,
    24.230480194091797,
    24.517536163330078,
    24.365901947021484,
    24.90687370300293,
    24.14250373840332,
    24.14679527282715,
    24.880647659301758,
    24.55306053161621,
    24.95288848876953,
    24.358034133911133,
    24.25217628479004,
    24.22332763671875,
    24.22332763671875,
    24.22046661376953,
    24.120569229125977,
    23.66471290588379,
    24.631023406982422,
    24.557828903198242,
    24.411439895629883,
    23.379087448120117,
    24.163007736206055,
    24.247169494628906,
    24.80006217956543,
    24.755477905273438,
    24.706125259399414,
    25.197744369506836,
    24.69801902770996,
    24.23381805419922,
    24.672985076904297,
    23.688316345214844,
    24.698495864868164,
    24.834632873535156,
    23.880720138549805,
    24.871349334716797,
    24.118661880493164,
    24.7194766998291,
    24.033069610595703,
    25.535106658935547,
    24.51300621032715,
    24.112939834594727,
    25.105953216552734,
    25.124073028564453,
    23.95915985107422,
    24.95884895324707,
    25.00152587890625,
    23.363828659057617,
    24.974822998046875,
    24.664640426635742,
    24.543285369873047,
    25.01058578491211,
    24.28436279296875,
    24.731874465942383,
    24.616241455078125,
    24.637222290039062,
    24.274826049804688,
    25.460243225097656,
    24.4138240814209,
    24.26004409790039,
    24.486064910888672,
    26.46493911743164,
    30.151844024658203,
    24.5664119720459,
    23.63443374633789,
    24.463415145874023,
    23.908376693725586,
    25.471925735473633,
    25.208711624145508,
    24.02949333190918,
    25.27308464050293,
    25.37393569946289,
    24.515390396118164,
    24.875640869140625,
    26.751041412353516,
    26.404380798339844,
    24.463415145874023,
    24.965524673461914,
    24.939298629760742,
    23.70762825012207,
    24.99556541442871,
    24.905920028686523,
    25.23064613342285,
    24.11055564880371,
    26.37791633605957,
    24.0936279296875,
    24.613380432128906,
    23.827791213989258,
    23.96535873413086,
    24.435758590698242,
    23.8034725189209,
    24.58024024963379,
    23.555517196655273,
    24.538755416870117,
    24.049758911132812,
    24.570226669311523,
    24.797916412353516,
    24.644851684570312,
    23.683786392211914,
    26.251554489135742,
    24.742841720581055,
    24.459123611450195,
    24.724721908569336,
    24.658679962158203,
    24.82438087463379,
    24.63674545288086,
    25.837182998657227,
    26.817798614501953,
    25.653362274169922,
    29.173612594604492,
    24.54829216003418,
    24.678945541381836,
    24.784088134765625,
    25.092124938964844,
    27.77695655822754,
    24.77717399597168,
    24.524211883544922,
    24.689197540283203,
    24.019241333007812,
    25.186538696289062,
    23.415327072143555,
    24.852275848388672,
    25.307655334472656,
    24.33323860168457,
    25.027036666870117,
    25.127172470092773,
    23.9713191986084,
    24.24025535583496,
    25.104522705078125,
    24.006366729736328,
    24.31964874267578,
    29.555082321166992,
    24.178743362426758,
    23.994922637939453,
    24.728059768676758,
    24.305343627929688,
    24.72519874572754,
    24.887800216674805,
