{
  "B-Chemical": {
    "precision": 0.9253112033195021,
    "recall": 0.9509594882729211,
    "f1": 0.9379600420609885,
    "support": 469.0
  },
  "B-Disease": {
    "precision": 0.8337531486146096,
    "recall": 0.8756613756613757,
    "f1": 0.8541935483870968,
    "support": 378.0
  },
  "I-Chemical": {
    "precision": 0.84375,
    "recall": 0.7105263157894737,
    "f1": 0.7714285714285715,
    "support": 38.0
  },
  "I-Disease": {
    "precision": 0.7926267281105991,
    "recall": 0.8037383177570093,
    "f1": 0.7981438515081206,
    "support": 214.0
  }
}