{
  "unit": "ms",
  "n_samples": 500,
  "values": [
    127.73418426513672,
    24.17731285095215,
    238.16514015197754,
    23.708820343017578,
    23.580551147460938,
    23.986339569091797,
    28.005361557006836,
    23.944377899169922,
    24.50704574584961,
    24.208545684814453,
    24.40166473388672,
    24.628162384033203,
    24.379730224609375,
    24.50108528137207,
    24.469375610351562,
    24.468421936035156,
    24.334192276000977,
    24.302959442138672,
    24.663209915161133,
    24.6126651763916,
    24.653911590576172,
    24.842262268066406,
    24.448156356811523,
    24.742841720581055,
    24.932384490966797,
    24.474382400512695,
    24.95551109313965,
    24.575233459472656,
    24.60932731628418,
    24.46269989013672,
    24.524450302124023,
    24.327754974365234,
    24.480819702148438,
    23.575544357299805,
    25.003671646118164,
    24.500370025634766,
    24.379968643188477,
    24.503469467163086,
    24.370193481445312,
    24.297237396240234,
    24.46436882019043,
    24.446487426757812,
    24.33466911315918,
    24.875640869140625,
    24.155616760253906,
    23.699045181274414,
    24.554967880249023,
    23.622751235961914,
    24.40333366394043,
    24.416685104370117,
    24.608135223388672,
    24.539947509765625,
    24.485111236572266,
    24.807453155517578,
    24.655818939208984,
    24.42622184753418,
    24.651765823364258,
    24.566173553466797,
    24.6889591217041,
    24.634361267089844,
    24.641752243041992,
    24.541139602661133,
    24.39570426940918,
    24.80292320251465,
    24.56045150756836,
    24.861574172973633,
    24.773836135864258,
    24.622440338134766,
    24.314165115356445,
    25.004148483276367,
    24.40500259399414,
    24.532556533813477,
    24.560213088989258,
    24.363279342651367,
    23.701190948486328,
    24.658679962158203,
    24.516820907592773,
    24.54829216003418,
    23.651123046875,
    24.44291114807129,
    24.574756622314453,
    24.559974670410156,
    24.65224266052246,
    24.775028228759766,
    24.316787719726562,
    25.002241134643555,
    24.39427375793457,
    24.309396743774414,
    24.723291397094727,
    24.45507049560547,
    24.148225784301758,
    24.051904678344727,
    23.453474044799805,
    24.42312240600586,
    24.50084686279297,
    24.030208587646484,
    23.23317527770996,
    24.01590347290039,
    24.29938316345215,
    23.937463760375977,
    24.190902709960938,
    24.825096130371094,
    23.931264877319336,
    23.35953712463379,
    24.186372756958008,
    24.22165870666504,
    24.05238151550293,
    24.091720581054688,
    24.10745620727539,
    24.296045303344727,
    24.114131927490234,
    24.4748592376709,
    24.707555770874023,
    23.472070693969727,
    23.33974838256836,
    24.246692657470703,
    23.174524307250977,
    23.920774459838867,
    23.18572998046875,
    24.069547653198242,
    24.201154708862305,
    24.02186393737793,
    24.27053451538086,
    23.95319938659668,
    24.198532104492188,
    24.015188217163086,
    24.156570434570312,
    24.001121520996094,
    24.048805236816406,
    24.071693420410156,
    24.17922019958496,
    23.99921417236328,
    23.955821990966797,
    23.931026458740234,
    25.540590286254883,
    24.06167984008789,
    23.894786834716797,
    24.147748947143555,
    24.719953536987305,
    24.17778968811035,
    24.22165870666504,
    24.197101593017578,
    24.1086483001709,
    24.376869201660156,
    24.19424057006836,
    24.01900291442871,
    24.178028106689453,
    24.389028549194336,
    24.389266967773438,
    23.832321166992188,
    24.39403533935547,
    24.186372756958008,
    24.074316024780273,
    23.35333824157715,
    23.22101593017578,
    23.255109786987305,
    24.033308029174805,
    24.291038513183594,
    24.138212203979492,
    24.187564849853516,
    24.062633514404297,
    23.17333221435547,
    23.932218551635742,
    24.178028106689453,
    24.17278289794922,
    23.354053497314453,
    24.129152297973633,
    24.15919303894043,
    23.230791091918945,
    23.97012710571289,
    24.39713478088379,
    24.624347686767578,
    24.358749389648438,
    23.89073371887207,
    23.08344841003418,
    24.02472496032715,
    23.958206176757812,
    24.049043655395508,
    23.952722549438477,
    24.003267288208008,
    23.19049835205078,
    23.101091384887695,
    24.0476131439209,
    23.98371696472168,
    24.00946617126465,
    23.928403854370117,
    23.972511291503906,
    24.034500122070312,
    23.926258087158203,
    24.051189422607422,
    24.07217025756836,
    24.17159080505371,
    23.931264877319336,
    24.138689041137695,
    23.925304412841797,
    24.071455001831055,
    24.278640747070312,
    23.997068405151367,
    24.300575256347656,
    24.25384521484375,
    24.26600456237793,
    23.439884185791016,
    24.226665496826172,
    24.540185928344727,
    24.293184280395508,
    24.322509765625,
    24.282455444335938,
    24.23238754272461,
    24.336814880371094,
    24.302005767822266,
    23.996829986572266,
    24.120092391967773,
    24.157285690307617,
    24.169921875,
    24.0631103515625,
    24.539470672607422,
    23.830652236938477,
    23.089885711669922,
    23.898601531982422,
    24.012088775634766,
    23.289918899536133,
    24.306297302246094,
    24.014711380004883,
    24.463415145874023,
    23.314237594604492,
    24.14536476135254,
    24.10292625427246,
    24.0023136138916,
    24.072647094726562,
    24.23381805419922,
    24.43552017211914,
    24.306535720825195,
    24.299144744873047,
    24.3375301361084,
    24.324893951416016,
    24.553775787353516,
    24.369001388549805,
    24.541616439819336,
    24.620771408081055,
    23.42057228088379,
    23.354291915893555,
    24.11341667175293,
    24.168729782104492,
    23.956775665283203,
    24.027109146118164,
    24.149179458618164,
    24.143218994140625,
    23.99158477783203,
    24.19877052307129,
    24.295330047607422,
    24.12271499633789,
    24.34825897216797,
    24.002552032470703,
    24.56355094909668,
    24.388790130615234,
    24.112462997436523,
    24.69348907470703,
    24.053096771240234,
    24.123668670654297,
    24.117708206176758,
    23.49710464477539,
    24.1396427154541,
    24.17612075805664,
    24.135828018188477,
    24.19877052307129,
    24.417400360107422,
    24.065732955932617,
    24.12700653076172,
    24.20806884765625,
    24.213075637817383,
    24.117231369018555,
    24.16229248046875,
    23.96416664123535,
    24.37734603881836,
    24.056434631347656,
    23.908376693725586,
    24.181127548217773,
    23.921966552734375,
    24.110794067382812,
    23.99420738220215,
    23.90742301940918,
    24.240970611572266,
    24.1544246673584,
    24.08909797668457,
    24.11961555480957,
    24.26314353942871,
    24.087190628051758,
    23.422718048095703,
    24.478912353515625,
    24.247407913208008,
    24.322986602783203,
    24.50728416442871,
    23.291349411010742,
    24.3070125579834,
    24.02949333190918,
    24.19257164001465,
    24.245738983154297,
    24.13463592529297,
    24.233102798461914,
    24.213790893554688,
    23.984670639038086,
    24.230241775512695,
    24.279117584228516,
    24.048328399658203,
    24.216175079345703,
    23.97751808166504,
    24.043560028076172,
    24.115324020385742,
    24.478435516357422,
    24.175643920898438,
    24.22308921813965,
    23.856639862060547,
    24.14417266845703,
    23.177385330200195,
    24.11651611328125,
    24.05261993408203,
    24.19734001159668,
    23.984670639038086,
    24.07550811767578,
    24.38974380493164,
    23.78368377685547,
    24.580001831054688,
    24.115562438964844,
    24.1851806640625,
    23.29397201538086,
    24.16682243347168,
    24.33156967163086,
    24.16253089904785,
    24.188995361328125,
    24.19900894165039,
    24.152040481567383,
    24.188518524169922,
    24.39594268798828,
    23.360013961791992,
    23.202180862426758,
    24.329423904418945,
    24.163246154785156,
