{
  "B-Chemical": {
    "precision": 0.9117043121149897,
    "recall": 0.9446808510638298,
    "f1": 0.9278996865203761,
    "support": 470.0
  },
  "B-Disease": {
    "precision": 0.835509138381201,
    "recall": 0.8719346049046321,
    "f1": 0.8533333333333334,
    "support": 367.0
  },
  "I-Chemical": {
    "precision": 0.85,
    "recall": 0.723404255319149,
    "f1": 0.7816091954022989,
    "support": 47.0
  },
  "I-Disease": {
    "precision": 0.8181818181818182,
    "recall": 0.8181818181818182,
    "f1": 0.8181818181818182,
    "support": 209.0
  }
}