{
  "unit": "ms",
  "n_samples": 500,
  "values": [
    22.86982536315918,
    22.728919982910156,
    21.790027618408203,
    21.816015243530273,
    21.84319496154785,
    21.95596694946289,
    22.609472274780273,
    24.186372756958008,
    21.576404571533203,
    22.89581298828125,
    23.052692413330078,
    21.245718002319336,
    22.625446319580078,
    23.88739585876465,
    21.96335792541504,
    21.947145462036133,
    23.653268814086914,
    24.109363555908203,
    21.83246612548828,
    22.280216217041016,
    24.043560028076172,
    22.557497024536133,
    23.226022720336914,
    23.88453483581543,
    22.36342430114746,
    23.131608963012695,
    22.818565368652344,
    22.881746292114258,
    24.617671966552734,
    22.57823944091797,
    24.137020111083984,
    23.880481719970703,
    23.88739585876465,
    22.864341735839844,
    22.32050895690918,
    24.266481399536133,
    23.61154556274414,
    22.257089614868164,
    22.2775936126709,
    23.74887466430664,
    23.804187774658203,
    23.806333541870117,
    21.132469177246094,
    23.350238800048828,
    23.53978157043457,
    22.332429885864258,
    25.469064712524414,
    20.386219024658203,
    22.28689193725586,
    22.501230239868164,
    23.686885833740234,
    24.675607681274414,
    24.326324462890625,
    24.837493896484375,
    21.6677188873291,
    24.719715118408203,
    23.30803871154785,
    21.42167091369629,
    23.537874221801758,
    22.526025772094727,
    18.453359603881836,
    22.806644439697266,
    22.1405029296875,
    23.15497398376465,
    18.390417098999023,
    23.8039493560791,
    24.30272102355957,
    21.590709686279297,
    26.341915130615234,
    21.575927734375,
    21.22354507446289,
    22.181987762451172,
    23.11539649963379,
    21.818876266479492,
    22.356748580932617,
    23.08964729309082,
    24.438858032226562,
    19.381284713745117,
    24.920225143432617,
    23.32592010498047,
    23.335695266723633,
    23.123979568481445,
    25.075912475585938,
    23.195981979370117,
    22.47452735900879,
    22.779464721679688,
    23.273229598999023,
    22.964954376220703,
    24.02043342590332,
    22.301435470581055,
    25.58112144470215,
    21.495819091796875,
    23.070096969604492,
    21.82173728942871,
    22.548675537109375,
    17.703771591186523,
    24.276256561279297,
    23.549318313598633,
    21.757841110229492,
    23.05293083190918,
    22.6132869720459,
    23.2236385345459,
    25.027990341186523,
    25.046825408935547,
    25.347471237182617,
    23.304224014282227,
    22.22752571105957,
    23.215770721435547,
    23.175954818725586,
    23.563861846923828,
    24.9481201171875,
    18.247127532958984,
    22.09925651550293,
    23.374080657958984,
    23.96225929260254,
    22.104978561401367,
    23.21791648864746,
    22.445201873779297,
    21.738052368164062,
    23.60820770263672,
    23.081541061401367,
    22.657394409179688,
    323.4086036682129,
    25.71702003479004,
    23.107051849365234,
    24.846553802490234,
    23.663759231567383,
    22.822856903076172,
    23.87094497680664,
    23.78368377685547,
    25.32505989074707,
    23.235082626342773,
    24.259328842163086,
    24.248838424682617,
    23.923158645629883,
    23.702144622802734,
    24.95574951171875,
    31.11433982849121,
    24.568796157836914,
    24.346113204956055,
    23.459672927856445,
    23.776769638061523,
    25.864601135253906,
    23.40555191040039,
    24.039506912231445,
    23.388385772705078,
    21.839618682861328,
    25.395870208740234,
    22.95231819152832,
    24.46269989013672,
    24.63364601135254,
    19.026994705200195,
    25.2988338470459,
    23.657798767089844,
    23.984670639038086,
    24.75762367248535,
    23.47564697265625,
    23.85401725769043,
    22.44853973388672,
    25.690793991088867,
    22.65644073486328,
    21.03281021118164,
    24.545907974243164,
    19.208431243896484,
    23.460865020751953,
    23.821592330932617,
    26.2906551361084,
    23.798704147338867,
    23.217201232910156,
    24.10721778869629,
    25.002717971801758,
    24.28126335144043,
    24.75452423095703,
    23.000478744506836,
    23.33521842956543,
    24.576663970947266,
    23.165464401245117,
    25.043964385986328,
    22.86696434020996,
    25.6195068359375,
    23.493289947509766,
    22.74155616760254,
    24.015426635742188,
    26.350736618041992,
    23.76532554626465,
    23.482561111450195,
    24.083375930786133,
    25.513887405395508,
    24.066448211669922,
    24.068117141723633,
    24.61695671081543,
    26.37457847595215,
    25.289297103881836,
    20.977258682250977,
    24.35159683227539,
    25.095462799072266,
    24.3527889251709,
    23.636817932128906,
    23.676633834838867,
    25.63786506652832,
    23.532867431640625,
    23.991107940673828,
    24.06620979309082,
    24.836301803588867,
    25.69866180419922,
    20.123004913330078,
    23.627519607543945,
    23.483753204345703,
    22.667646408081055,
    24.78623390197754,
    24.750232696533203,
    26.23438835144043,
    23.995399475097656,
    23.676633834838867,
    24.53136444091797,
    22.822141647338867,
    25.429725646972656,
    18.77450942993164,
    24.288177490234375,
    22.641897201538086,
    26.676416397094727,
    24.383544921875,
    22.776365280151367,
    23.80084991455078,
    24.444103240966797,
    24.688005447387695,
    23.03934097290039,
    25.60257911682129,
    24.125099182128906,
    22.28569984436035,
    23.87404441833496,
    22.01056480407715,
    23.702621459960938,
    24.73926544189453,
    24.293899536132812,
    23.517131805419922,
    24.31774139404297,
    25.046348571777344,
    24.81532096862793,
    23.497819900512695,
    25.75230598449707,
    23.932933807373047,
    24.260997772216797,
    23.926973342895508,
    25.995731353759766,
    24.507522583007812,
    23.777484893798828,
    24.201631546020508,
    23.587942123413086,
    24.006366729736328,
    24.49202537536621,
    24.61075782775879,
    24.190664291381836,
    24.66607093811035,
    20.996809005737305,
    23.461580276489258,
    23.987293243408203,
    23.687124252319336,
    26.149272918701172,
    24.135589599609375,
    23.140430450439453,
    25.421857833862305,
    23.941516876220703,
    23.550987243652344,
    23.624181747436523,
    23.150920867919922,
    22.97663688659668,
    22.951126098632812,
    27.146339416503906,
    23.627519607543945,
    24.426937103271484,
    25.267601013183594,
    23.763179779052734,
    25.03180503845215,
    26.06034278869629,
    23.39959144592285,
    49.88813400268555,
    23.957490921020508,
    23.183822631835938,
    23.767709732055664,
    24.51634407043457,
    23.041963577270508,
    26.000261306762695,
    24.084806442260742,
    25.491714477539062,
    23.502588272094727,
    19.56009864807129,
    24.096965789794922,
    21.274566650390625,
    26.13687515258789,
    24.09982681274414,
    23.714780807495117,
    23.344993591308594,
    23.748397827148438,
    25.58612823486328,
    23.454666137695312,
    26.162147521972656,
    23.981571197509766,
    23.674726486206055,
    25.281906127929688,
    23.381948471069336,
    23.90313148498535,
    24.557113647460938,
    25.339603424072266,
    23.347854614257812,
    23.700714111328125,
    24.741172790527344,
    25.568008422851562,
    23.59771728515625,
    23.674726486206055,
    24.178504943847656,
    23.70285987854004,
    22.886991500854492,
    24.481534957885742,
    24.899721145629883,
    23.05769920349121,
    23.13518524169922,
    24.301767349243164,
    24.27363395690918,
    23.86188507080078,
    23.880720138549805,
    24.338245391845703,
    23.665666580200195,
    24.75762367248535,
    22.269010543823242,
    21.34990692138672,
    23.755550384521484,
    25.461435317993164,
    25.16937255859375,
    23.757457733154297,
    23.742198944091797,
    23.487329483032227,
    24.67513084411621,
    24.15633201599121,
    24.19590950012207,
    24.41573143005371,
