{"eval/f1":0.9483293289124041,"train_steps_per_second":0.553,"eval/precision":0.9464409536291127,"eval/samples_per_second":27.662,"train_runtime":39317.7525,"_timestamp":1.765562482722569e+09,"eval/loss":0.021166175603866577,"eval/runtime":4196.2605,"eval/steps_per_second":0.576,"train_samples_per_second":35.415,"train/loss":0.0177,"train/grad_norm":0.4074927568435669,"train/epoch":3,"total_flos":3.6401047901149594e+17,"_step":221,"eval/accuracy":0.9925687888615753,"eval/recall":0.950225254778463,"_runtime":39320,"train/global_step":21759,"train/learning_rate":5.514959327174963e-08,"train_loss":0.03287176611099268,"_wandb":{"runtime":39320}}