{
  "unit": "ms",
  "n_samples": 500,
  "values": [
    22.57513999938965,
    21.606922149658203,
    23.02718162536621,
    22.992849349975586,
    23.170948028564453,
    23.631572723388672,
    23.716449737548828,
    23.83565902709961,
    23.932933807373047,
    24.306535720825195,
    24.24788475036621,
    24.239540100097656,
    24.178028106689453,
    24.04475212097168,
    24.062395095825195,
    24.61552619934082,
    24.11794662475586,
    23.26655387878418,
    23.95915985107422,
    24.04642105102539,
    23.496627807617188,
    24.454593658447266,
    24.259090423583984,
    24.489164352416992,
    23.384571075439453,
    24.660348892211914,
    24.640798568725586,
    24.261951446533203,
    24.03998374938965,
    24.11627769470215,
    24.80626106262207,
    24.190902709960938,
    24.40929412841797,
    24.097919464111328,
    24.167776107788086,
    24.506330490112305,
    24.030685424804688,
    24.036407470703125,
    24.283647537231445,
    23.434877395629883,
    23.546934127807617,
    24.17755126953125,
    24.062633514404297,
    23.928165435791016,
    24.084806442260742,
    24.37305450439453,
    24.29032325744629,
    24.155616760253906,
    24.35159683227539,
    24.30415153503418,
    24.35302734375,
    24.48868751525879,
    24.087190628051758,
    24.659395217895508,
    24.387836456298828,
    24.412155151367188,
    24.615764617919922,
    24.11961555480957,
    24.110078811645508,
    24.161338806152344,
    23.694753646850586,
    23.934125900268555,
    24.082422256469727,
    24.074554443359375,
    24.16706085205078,
    24.67179298400879,
    24.100542068481445,
    24.231910705566406,
    24.271011352539062,
    24.33013916015625,
    24.28746223449707,
    24.36685562133789,
    24.3227481842041,
    24.611473083496094,
    24.651765823364258,
    24.287939071655273,
    24.382829666137695,
    24.104833602905273,
    24.296283721923828,
    24.13010597229004,
    24.300813674926758,
    24.324893951416016,
    24.1854190826416,
    24.081945419311523,
    24.146318435668945,
    24.600982666015625,
    24.186372756958008,
    23.380517959594727,
    24.35445785522461,
    24.184703826904297,
    24.222850799560547,
    24.106979370117188,
    23.33235740661621,
    24.280309677124023,
    24.047374725341797,
    24.449586868286133,
    24.290800094604492,
    24.231433868408203,
    24.329185485839844,
    24.30868148803711,
    24.634361267089844,
    24.161815643310547,
    24.314165115356445,
    24.045228958129883,
    24.32727813720703,
    24.28746223449707,
    24.129390716552734,
    24.17135238647461,
    24.443626403808594,
    24.28746223449707,
    24.480342864990234,
    24.0938663482666,
    24.29795265197754,
    23.266077041625977,
    24.28889274597168,
    24.323225021362305,
    24.22189712524414,
    23.958921432495117,
    24.07693862915039,
    24.190425872802734,
    23.657560348510742,
    24.305105209350586,
    24.07073974609375,
    24.342060089111328,
    23.31399917602539,
    24.19877052307129,
    24.245738983154297,
    24.104595184326172,
    24.018526077270508,
    23.94723892211914,
    24.059772491455078,
    24.095535278320312,
    23.975849151611328,
    23.12469482421875,
    23.12445640563965,
    24.281740188598633,
    24.08289909362793,
    23.75197410583496,
    24.07693862915039,
    24.90091323852539,
    24.646997451782227,
    24.33609962463379,
    24.325847625732422,
    24.32417869567871,
    24.400711059570312,
    24.556636810302734,
    24.251937866210938,
    23.94723892211914,
    24.208784103393555,
    23.212671279907227,
    24.2002010345459,
    24.188995361328125,
    23.151159286499023,
    24.16849136352539,
    24.13010597229004,
    24.33180809020996,
    24.26624298095703,
    23.957490921020508,
    24.443387985229492,
    24.20949935913086,
    24.29819107055664,
    24.08599853515625,
    24.137496948242188,
    24.065494537353516,
    24.383544921875,
    24.166107177734375,
    23.999929428100586,
    24.219989776611328,
    24.142742156982422,
    24.296283721923828,
    24.617433547973633,
    24.526596069335938,
    23.540019989013672,
    24.350643157958984,
    24.401187896728516,
    24.670124053955078,
    24.291515350341797,
    24.229764938354492,
    24.218320846557617,
    24.058103561401367,
    24.303197860717773,
    24.388551712036133,
    24.121999740600586,
    24.47962760925293,
    24.22332763671875,
    24.7495174407959,
    24.285316467285156,
    24.30272102355957,
    24.370670318603516,
    24.22356605529785,
    24.357318878173828,
    24.268627166748047,
    23.246288299560547,
    24.07360076904297,
    23.296594619750977,
    23.511886596679688,
    24.012088775634766,
    24.182558059692383,
    24.060964584350586,
    24.324655532836914,
    24.28293228149414,
    24.068355560302734,
    24.099349975585938,
    24.152755737304688,
    23.995399475097656,
    23.555755615234375,
    24.013519287109375,
    24.15609359741211,
    24.235010147094727,
    23.97441864013672,
    24.430274963378906,
    24.11794662475586,
    24.219274520874023,
    24.241209030151367,
    23.9412784576416,
    23.669719696044922,
    24.578094482421875,
    24.558305740356445,
    24.295806884765625,
    23.250102996826172,
    24.581432342529297,
    24.231672286987305,
    24.286746978759766,
    24.003982543945312,
    23.97942543029785,
    24.422883987426758,
    24.45530891418457,
    24.080514907836914,
    24.240970611572266,
    23.276567459106445,
    24.296998977661133,
    24.188756942749023,
    23.299694061279297,
    23.955345153808594,
    24.20806884765625,
    24.50275421142578,
    24.13797378540039,
    25.240182876586914,
    24.36542510986328,
    23.992061614990234,
    24.19424057006836,
    23.95343780517578,
    24.022817611694336,
    24.210214614868164,
    24.20663833618164,
    23.39029312133789,
    24.358034133911133,
    24.193525314331055,
    24.03712272644043,
    24.100303649902344,
    24.51920509338379,
    24.026870727539062,
    24.0020751953125,
    23.914575576782227,
    23.992300033569336,
    25.020360946655273,
    23.790836334228516,
    23.919105529785156,
    23.968935012817383,
    24.291276931762695,
    24.279117584228516,
    23.87833595275879,
    23.040294647216797,
    23.996829986572266,
    23.816347122192383,
    24.123430252075195,
    23.906230926513672,
    23.803234100341797,
    23.845195770263672,
    24.09982681274414,
    24.016141891479492,
    24.2922306060791,
    24.196863174438477,
    24.359941482543945,
    24.29962158203125,
    24.155855178833008,
    24.181365966796875,
    23.238658905029297,
    24.01876449584961,
    24.30248260498047,
    25.384187698364258,
    23.106813430786133,
    23.093223571777344,
    24.106740951538086,
    24.14679527282715,
    23.207664489746094,
    23.247241973876953,
    24.199962615966797,
    23.215055465698242,
    24.170875549316406,
    23.371458053588867,
    23.354768753051758,
    24.226665496826172,
    24.247407913208008,
    24.199485778808594,
    24.071455001831055,
    23.325681686401367,
    23.96225929260254,
    24.224042892456055,
    24.37734603881836,
    24.135351181030273,
    24.289608001708984,
    24.282217025756836,
    24.224281311035156,
    23.97894859313965,
    24.36232566833496,
    24.302244186401367,
    23.276090621948242,
    24.169445037841797,
    24.21283721923828,
    24.173736572265625,
    23.324012756347656,
    24.317026138305664,
    24.231910705566406,
    24.163484573364258,
    24.4600772857666,
    23.592710494995117,
    24.393558502197266,
    23.53501319885254,
    24.498701095581055,
    25.18939971923828,
    24.27196502685547,
    24.37114715576172,
    24.47032928466797,
    23.4072208404541,
    24.068355560302734,
    24.248123168945312,
    23.27752113342285,
    24.20783042907715,
    24.14727210998535,
    24.236202239990234,
    23.315906524658203,
    24.178504943847656,
    24.295568466186523,
    24.005413055419922,
    24.319171905517578,
