{
  "model_name": "NerGuard",
  "seeds": [
    42,
    123
  ],
  "metrics": {
    "f1_macro": {
      "mean": 0.9969422769340728,
      "std": 0.001885087193507601,
      "ci_95": [
        0.9800054404734919,
        1.0138791133946536
      ]
    },
    "f1_weighted": {
      "mean": 0.9976609864455387,
      "std": 0.0015901167921810449,
      "ci_95": [
        0.9833743538933956,
        1.0119476189976817
      ]
    },
    "precision_macro": {
      "mean": 0.9966401679400929,
      "std": 0.002892877568032628,
      "ci_95": [
        0.9706486942093294,
        1.0226316416708563
      ]
    },
    "recall_macro": {
      "mean": 0.9973475406866624,
      "std": 0.0007384229301116522,
      "ci_95": [
        0.990713073883685,
        1.0039820074896397
      ]
    }
  },
  "per_seed": [
    {
      "seed": 42,
      "f1_macro": 0.9956093189964157,
      "f1_weighted": 0.9987853688121685,
      "precision_macro": 0.9945945945945945,
      "recall_macro": 0.9968253968253968,
      "accuracy": 0.9987782529016493,
      "latency_ms": 28.330307006835938
    },
    {
      "seed": 123,
      "f1_macro": 0.99827523487173,
      "f1_weighted": 0.9965366040789089,
      "precision_macro": 0.9986857412855912,
      "recall_macro": 0.997869684547928,
      "accuracy": 0.9965437788018433,
      "latency_ms": 16.363019943237305
    }
  ]
}