{
  "B-certificate_license_number": {
    "precision": 0.1284153005464481,
    "recall": 0.5465116279069767,
    "f1": 0.2079646017699115,
    "support": 86.0
  },
  "B-city": {
    "precision": 0.20806241872561768,
    "recall": 0.7582938388625592,
    "f1": 0.32653061224489793,
    "support": 211.0
  },
  "B-credit_debit_card": {
    "precision": 0.5238095238095238,
    "recall": 0.11578947368421053,
    "f1": 0.1896551724137931,
    "support": 95.0
  },
  "B-date": {
    "precision": 0.4083769633507853,
    "recall": 0.8764044943820225,
    "f1": 0.5571428571428572,
    "support": 712.0
  },
  "B-date_of_birth": {
    "precision": 1.0,
    "recall": 1.0,
    "f1": 1.0,
    "support": 131.0
  },
  "B-email": {
    "precision": 1.0,
    "recall": 0.9939271255060729,
    "f1": 0.9969543147208122,
    "support": 494.0
  },
  "B-first_name": {
    "precision": 1.0,
    "recall": 0.8672268907563025,
    "f1": 0.9288928892889289,
    "support": 595.0
  },
  "B-ipv4": {
    "precision": 0.9090909090909091,
    "recall": 1.0,
    "f1": 0.9523809523809523,
    "support": 90.0
  },
  "B-ipv6": {
    "precision": 1.0,
    "recall": 0.8541666666666666,
    "f1": 0.9213483146067416,
    "support": 48.0
  },
  "B-last_name": {
    "precision": 0.24444444444444444,
    "recall": 0.12850467289719625,
    "f1": 0.16845329249617153,
    "support": 428.0
  },
  "B-phone_number": {
    "precision": 0.49261083743842365,
    "recall": 0.8130081300813008,
    "f1": 0.6134969325153374,
    "support": 246.0
  },
  "B-ssn": {
    "precision": 0.7183098591549296,
    "recall": 0.9807692307692307,
    "f1": 0.8292682926829268,
    "support": 52.0
  },
  "B-street_address": {
    "precision": 0.5185185185185185,
    "recall": 0.15300546448087432,
    "f1": 0.23628691983122363,
    "support": 183.0
  },
  "B-time": {
    "precision": 1.0,
    "recall": 0.6069364161849711,
    "f1": 0.7553956834532374,
    "support": 173.0
  },
  "B-url": {
    "precision": 0.9154929577464789,
    "recall": 0.9027777777777778,
    "f1": 0.9090909090909091,
    "support": 432.0
  },
  "I-certificate_license_number": {
    "precision": 0.0,
    "recall": 0.0,
    "f1": 0.0,
    "support": 5.0
  },
  "I-city": {
    "precision": 0.11811023622047244,
    "recall": 0.6818181818181818,
    "f1": 0.20134228187919462,
    "support": 44.0
  },
  "I-credit_debit_card": {
    "precision": 0.9117647058823529,
    "recall": 0.11313868613138686,
    "f1": 0.2012987012987013,
    "support": 274.0
  },
  "I-date": {
    "precision": 0.18541409147095178,
    "recall": 0.7075471698113207,
    "f1": 0.2938295788442703,
    "support": 212.0
  },
  "I-email": {
    "precision": 0.0,
    "recall": 0.0,
    "f1": 0.0,
    "support": 1.0
  },
  "I-first_name": {
    "precision": 0.25,
    "recall": 0.2,
    "f1": 0.2222222222222222,
    "support": 5.0
  },
  "I-last_name": {
    "precision": 0.001851851851851852,
    "recall": 1.0,
    "f1": 0.0036968576709796672,
    "support": 1.0
  },
  "I-phone_number": {
    "precision": 0.6053639846743295,
    "recall": 0.7596153846153846,
    "f1": 0.673773987206823,
    "support": 208.0
  },
  "I-street_address": {
    "precision": 1.0,
    "recall": 0.1544885177453027,
    "f1": 0.26763110307414106,
    "support": 479.0
  },
  "I-time": {
    "precision": 0.927710843373494,
    "recall": 0.8279569892473119,
    "f1": 0.875,
    "support": 93.0
  }
}