{
  "unit": "ms",
  "n_samples": 500,
  "values": [
    28.21969985961914,
    38.57731819152832,
    28.905153274536133,
    27.628421783447266,
    39.664506912231445,
    46.907901763916016,
    27.790069580078125,
    29.76703643798828,
    33.27155113220215,
    36.98897361755371,
    30.303955078125,
    32.2725772857666,
    31.954526901245117,
    36.96894645690918,
    30.762195587158203,
    35.283565521240234,
    32.585859298706055,
    31.844377517700195,
    40.50016403198242,
    35.10022163391113,
    39.21341896057129,
    30.7924747467041,
    36.96560859680176,
    48.838138580322266,
    28.565168380737305,
    38.56682777404785,
    29.061555862426758,
    48.8734245300293,
    31.497716903686523,
    37.2004508972168,
    49.15332794189453,
    41.7177677154541,
    37.48488426208496,
    35.863399505615234,
    38.899898529052734,
    44.356584548950195,
    29.726266860961914,
    39.218902587890625,
    26.7181396484375,
    29.428958892822266,
    33.64419937133789,
    48.58112335205078,
    37.2164249420166,
    35.395145416259766,
    38.69748115539551,
    50.122737884521484,
    36.58795356750488,
    31.91661834716797,
    32.02629089355469,
    28.95188331604004,
    31.151294708251953,
    30.36212921142578,
    28.784513473510742,
    61.411380767822266,
    28.718948364257812,
    33.85663032531738,
    47.77693748474121,
    37.33706474304199,
    50.337791442871094,
    37.39333152770996,
    31.0971736907959,
    31.50773048400879,
    30.62129020690918,
    30.555248260498047,
    32.9434871673584,
    31.76736831665039,
    68.07112693786621,
    56.52642250061035,
    30.490636825561523,
    27.543067932128906,
    36.522865295410156,
    28.41973304748535,
    54.129838943481445,
    43.14732551574707,
    30.338764190673828,
    36.31424903869629,
    29.24489974975586,
    39.51883316040039,
    50.63009262084961,
    32.95111656188965,
    37.79888153076172,
    38.07950019836426,
    39.133310317993164,
    28.549909591674805,
    40.57741165161133,
    31.73041343688965,
    28.242111206054688,
    30.397415161132812,
    29.97279167175293,
    33.524274826049805,
    28.722286224365234,
    27.406930923461914,
    49.57866668701172,
    42.84334182739258,
    36.9725227355957,
    30.947208404541016,
    41.05067253112793,
    33.20789337158203,
    99.54333305358887,
    48.51055145263672,
    33.6911678314209,
    51.57184600830078,
    30.787944793701172,
    41.140079498291016,
    35.4762077331543,
    28.78880500793457,
    50.45795440673828,
    28.33700180053711,
    73.50921630859375,
    44.759273529052734,
    30.058622360229492,
    41.47815704345703,
    27.73141860961914,
    36.73815727233887,
    39.4892692565918,
    34.66010093688965,
    85.92772483825684,
    84.68866348266602,
    50.229787826538086,
    29.969215393066406,
    35.99953651428223,
    48.19989204406738,
    63.06624412536621,
    30.12537956237793,
    50.704002380371094,
    31.992197036743164,
    50.319671630859375,
    30.016660690307617,
    44.53015327453613,
    34.28173065185547,
    37.52279281616211,
    41.81933403015137,
    35.649776458740234,
    30.124902725219727,
    39.62516784667969,
    41.760921478271484,
    37.16135025024414,
    45.19319534301758,
    28.32484245300293,
    65.86313247680664,
    34.940242767333984,
    29.65831756591797,
    112.78223991394043,
    50.77195167541504,
    38.43975067138672,
    29.31070327758789,
    33.46085548400879,
    57.76071548461914,
    49.62420463562012,
    49.637556076049805,
    32.78541564941406,
    31.3568115234375,
    32.00268745422363,
    47.4092960357666,
    33.377885818481445,
    31.25309944152832,
    35.24327278137207,
    33.71715545654297,
    32.930850982666016,
    57.413339614868164,
    29.852628707885742,
    46.854257583618164,
    31.252622604370117,
    45.25470733642578,
    26.598691940307617,
    31.809568405151367,
    31.032323837280273,
    99.09296035766602,
    49.718618392944336,
    45.66216468811035,
    38.306236267089844,
    28.93853187561035,
    32.99117088317871,
    33.60891342163086,
    32.00197219848633,
    30.477046966552734,
    58.46762657165527,
    42.67144203186035,
    29.60371971130371,
    42.30380058288574,
    45.93396186828613,
    32.72414207458496,
    30.666828155517578,
    30.0900936126709,
    75.49619674682617,
    33.80560874938965,
    34.24954414367676,
    47.075510025024414,
    28.499364852905273,
    29.235363006591797,
    49.62158203125,
    58.69340896606445,
    45.107126235961914,
    29.712438583374023,
    37.21809387207031,
    43.90740394592285,
    40.36307334899902,
    31.34322166442871,
    52.48403549194336,
    33.07032585144043,
    40.1463508605957,
    27.285337448120117,
    30.42888641357422,
    42.26207733154297,
    33.46681594848633,
    30.37405014038086,
    31.97169303894043,
    42.322397232055664,
    46.041250228881836,
    44.037818908691406,
    69.8850154876709,
    38.443565368652344,
    78.0341625213623,
    32.37318992614746,
    51.384925842285156,
    47.27292060852051,
    34.29293632507324,
    32.63521194458008,
    36.31877899169922,
    35.624027252197266,
    28.160572052001953,
    43.48015785217285,
    32.46331214904785,
    27.066469192504883,
    28.30219268798828,
    28.296709060668945,
    54.46124076843262,
    40.61174392700195,
    38.61236572265625,
    30.667543411254883,
    34.25741195678711,
    54.16989326477051,
    30.125856399536133,
    38.27810287475586,
    34.89279747009277,
    47.77121543884277,
    28.68056297302246,
    28.603553771972656,
    31.754732131958008,
    33.844709396362305,
    29.79278564453125,
    35.99214553833008,
    35.2778434753418,
    91.9792652130127,
    30.925750732421875,
    35.20822525024414,
    47.310590744018555,
    30.640840530395508,
    59.22532081604004,
    30.273914337158203,
    58.85171890258789,
    58.77995491027832,
    33.710479736328125,
    31.931400299072266,
    30.077695846557617,
    57.518720626831055,
    39.60251808166504,
    31.423091888427734,
    32.11045265197754,
    41.46313667297363,
    47.43218421936035,
    30.082225799560547,
    29.729843139648438,
    44.8908805847168,
    70.12319564819336,
    36.180973052978516,
    33.35094451904297,
    28.077125549316406,
    58.61687660217285,
    62.520742416381836,
    34.05356407165527,
    32.02199935913086,
    40.5120849609375,
    33.026695251464844,
    29.944181442260742,
    29.119014739990234,
    32.155752182006836,
    32.750606536865234,
    29.56676483154297,
    34.35873985290527,
    35.59422492980957,
    29.22964096069336,
    34.75308418273926,
    31.75663948059082,
    52.118539810180664,
    32.837629318237305,
    34.42549705505371,
    33.4475040435791,
    30.522584915161133,
    54.89039421081543,
    47.21856117248535,
    30.382394790649414,
    33.286094665527344,
    28.278589248657227,
    33.013343811035156,
    29.44326400756836,
    40.9998893737793,
    34.42525863647461,
    39.0169620513916,
    31.840801239013672,
    37.003278732299805,
    52.73246765136719,
    32.13620185852051,
    33.06698799133301,
    33.34808349609375,
    43.53785514831543,
    32.83095359802246,
    35.61067581176758,
    46.28801345825195,
    27.448415756225586,
    81.26497268676758,
    32.451629638671875,
    57.343482971191406,
    33.14924240112305,
    28.073549270629883,
    45.93944549560547,
    40.354013442993164,
    27.569055557250977,
    31.844139099121094,
    33.65039825439453,
    32.952070236206055,
    33.37979316711426,
    52.14977264404297,
    33.95199775695801,
    37.783145904541016,
    27.222394943237305,
    48.787593841552734,
    30.368328094482422,
    36.68785095214844,
    38.222312927246094,
    45.02248764038086,
    67.03543663024902,
    38.40184211730957,
    32.51457214355469,
    30.634641647338867,
    31.50033950805664,
    28.538942337036133,
    43.05434226989746,
    30.546188354492188,
    40.128469467163086,
    32.83429145812988,
