{
  "B-age": {
    "precision": 0.6923076923076923,
    "recall": 1.0,
    "f1": 0.8181818181818182,
    "support": 18.0
  },
  "B-certificate_license_number": {
    "precision": 0.125,
    "recall": 0.15625,
    "f1": 0.1388888888888889,
    "support": 32.0
  },
  "B-city": {
    "precision": 0.7238095238095238,
    "recall": 0.6666666666666666,
    "f1": 0.6940639269406392,
    "support": 114.0
  },
  "B-credit_debit_card": {
    "precision": 0.6024096385542169,
    "recall": 0.9615384615384616,
    "f1": 0.7407407407407407,
    "support": 52.0
  },
  "B-date": {
    "precision": 0.7664041994750657,
    "recall": 0.8179271708683473,
    "f1": 0.7913279132791328,
    "support": 357.0
  },
  "B-date_of_birth": {
    "precision": 1.0,
    "recall": 1.0,
    "f1": 1.0,
    "support": 68.0
  },
  "B-email": {
    "precision": 0.8358778625954199,
    "recall": 0.9605263157894737,
    "f1": 0.8938775510204081,
    "support": 228.0
  },
  "B-first_name": {
    "precision": 0.8614718614718615,
    "recall": 0.7991967871485943,
    "f1": 0.8291666666666667,
    "support": 249.0
  },
  "B-gender": {
    "precision": 0.6666666666666666,
    "recall": 0.10526315789473684,
    "f1": 0.18181818181818182,
    "support": 19.0
  },
  "B-last_name": {
    "precision": 0.9635036496350365,
    "recall": 0.717391304347826,
    "f1": 0.822429906542056,
    "support": 184.0
  },
  "B-phone_number": {
    "precision": 0.34124629080118696,
    "recall": 1.0,
    "f1": 0.5088495575221239,
    "support": 115.0
  },
  "B-postcode": {
    "precision": 0.5824175824175825,
    "recall": 0.9636363636363636,
    "f1": 0.726027397260274,
    "support": 55.0
  },
  "B-ssn": {
    "precision": 0.5178571428571429,
    "recall": 0.9666666666666667,
    "f1": 0.6744186046511628,
    "support": 30.0
  },
  "B-street_address": {
    "precision": 0.27884615384615385,
    "recall": 0.27884615384615385,
    "f1": 0.27884615384615385,
    "support": 104.0
  },
  "B-tax_id": {
    "precision": 0.39285714285714285,
    "recall": 0.9166666666666666,
    "f1": 0.55,
    "support": 12.0
  },
  "B-time": {
    "precision": 0.84375,
    "recall": 0.72,
    "f1": 0.7769784172661871,
    "support": 75.0
  },
  "I-certificate_license_number": {
    "precision": 0.0,
    "recall": 0.0,
    "f1": 0.0,
    "support": 3.0
  },
  "I-city": {
    "precision": 0.36363636363636365,
    "recall": 0.6666666666666666,
    "f1": 0.47058823529411764,
    "support": 24.0
  },
  "I-credit_debit_card": {
    "precision": 0.9795918367346939,
    "recall": 0.9473684210526315,
    "f1": 0.9632107023411371,
    "support": 152.0
  },
  "I-date": {
    "precision": 0.8589743589743589,
    "recall": 0.5491803278688525,
    "f1": 0.67,
    "support": 122.0
  },
  "I-first_name": {
    "precision": 0.07142857142857142,
    "recall": 1.0,
    "f1": 0.13333333333333333,
    "support": 1.0
  },
  "I-last_name": {
    "precision": 1.0,
    "recall": 1.0,
    "f1": 1.0,
    "support": 1.0
  },
  "I-phone_number": {
    "precision": 0.622093023255814,
    "recall": 0.981651376146789,
    "f1": 0.7615658362989324,
    "support": 109.0
  },
  "I-postcode": {
    "precision": 0.0,
    "recall": 0.0,
    "f1": 0.0,
    "support": 1.0
  },
  "I-street_address": {
    "precision": 0.9936708860759493,
    "recall": 0.5772058823529411,
    "f1": 0.7302325581395349,
    "support": 272.0
  },
  "I-time": {
    "precision": 0.9354838709677419,
    "recall": 0.5471698113207547,
    "f1": 0.6904761904761905,
    "support": 53.0
  }
}