{
  "unit": "ms",
  "n_samples": 500,
  "values": [
    605.5727005004883,
    135.09774208068848,
    120.91755867004395,
    292.464017868042,
    52.674055099487305,
    30.041217803955078,
    27.100086212158203,
    27.515411376953125,
    28.793811798095703,
    30.138254165649414,
    27.649641036987305,
    28.328418731689453,
    30.598163604736328,
    38.831472396850586,
    28.92899513244629,
    30.64584732055664,
    29.590606689453125,
    29.82640266418457,
    60.76788902282715,
    29.631614685058594,
    33.841848373413086,
    26.384830474853516,
    29.325485229492188,
    32.18698501586914,
    27.40311622619629,
    29.087305068969727,
    27.7407169342041,
    41.64481163024902,
    27.643680572509766,
    29.262781143188477,
    36.52024269104004,
    33.89716148376465,
    29.636383056640625,
    30.29918670654297,
    30.286788940429688,
    43.64919662475586,
    27.928829193115234,
    29.848575592041016,
    27.044057846069336,
    28.09000015258789,
    29.530048370361328,
    32.61733055114746,
    31.471729278564453,
    29.265403747558594,
    28.04708480834961,
    41.760921478271484,
    30.71284294128418,
    28.330564498901367,
    27.90069580078125,
    28.491973876953125,
    27.643442153930664,
    28.203248977661133,
    27.474164962768555,
    39.217233657836914,
    27.120113372802734,
    28.666019439697266,
    39.937734603881836,
    29.34098243713379,
    31.598567962646484,
    32.590627670288086,
    28.87868881225586,
    29.964447021484375,
    28.029918670654297,
    28.206825256347656,
    27.498245239257812,
    29.69980239868164,
    67.26598739624023,
    55.878639221191406,
    29.47402000427246,
    27.033090591430664,
    30.315160751342773,
    27.684926986694336,
    37.023305892944336,
    31.12626075744629,
    27.279376983642578,
    29.510498046875,
    27.97222137451172,
    30.04908561706543,
    34.154653549194336,
    27.637958526611328,
    29.95467185974121,
    31.296968460083008,
    30.4718017578125,
    28.105735778808594,
    30.223846435546875,
    28.365135192871094,
    27.246475219726562,
    28.371572494506836,
    27.578353881835938,
    28.336524963378906,
    27.479887008666992,
    27.058839797973633,
    36.341190338134766,
    39.91961479187012,
    32.58395195007324,
    27.588367462158203,
    30.8685302734375,
    30.041933059692383,
    59.145450592041016,
    33.79201889038086,
    28.474807739257812,
    53.04265022277832,
    27.67205238342285,
    30.037403106689453,
    29.166698455810547,
    28.49888801574707,
    37.972211837768555,
    27.81844139099121,
    44.448137283325195,
    43.068885803222656,
    27.76336669921875,
    37.80245780944824,
    27.558088302612305,
    29.03294563293457,
    34.74712371826172,
    33.08820724487305,
    41.5186882019043,
    52.590370178222656,
    33.40506553649902,
    27.759075164794922,
    29.0679931640625,
    43.91050338745117,
    56.70809745788574,
    28.336763381958008,
    37.99891471862793,
    28.206825256347656,
    43.91336441040039,
    28.031349182128906,
    29.863834381103516,
    29.41608428955078,
    33.01644325256348,
    33.444881439208984,
    30.01570701599121,
    28.239965438842773,
    48.09761047363281,
    29.129743576049805,
    38.19084167480469,
    32.00387954711914,
    27.287721633911133,
    38.67340087890625,
    29.350757598876953,
    27.59552001953125,
    39.77012634277344,
    43.50900650024414,
    31.46052360534668,
    27.82154083251953,
    28.727293014526367,
    65.23704528808594,
    33.82587432861328,
    32.358407974243164,
    28.70035171508789,
    28.226137161254883,
    28.185606002807617,
    53.4205436706543,
    29.232263565063477,
    28.45597267150879,
    30.138731002807617,
    28.314828872680664,
    27.971506118774414,
    38.05208206176758,
    27.63652801513672,
    37.329673767089844,
    27.896642684936523,
    35.366058349609375,
    26.885271072387695,
    28.862953186035156,
    28.55086326599121,
    48.57325553894043,
    36.020755767822266,
    36.86785697937012,
    31.279563903808594,
    27.207374572753906,
    29.50310707092285,
    31.818866729736328,
    28.676509857177734,
    28.302669525146484,
    29.97446060180664,
    31.3723087310791,
    28.374910354614258,
    37.59646415710449,
    29.318571090698242,
    29.209613800048828,
    28.285503387451172,
    28.67579460144043,
    43.309926986694336,
    29.244661331176758,
    29.907703399658203,
    33.66374969482422,
    27.085304260253906,
    27.766942977905273,
    35.669803619384766,
    47.42550849914551,
    42.65856742858887,
    28.034448623657227,
    28.774499893188477,
    31.672000885009766,
    32.601356506347656,
    28.26976776123047,
    54.10432815551758,
    28.142929077148438,
    33.724069595336914,
    26.886940002441406,
    28.14006805419922,
    30.646085739135742,
    29.008865356445312,
    28.981685638427734,
    28.551101684570312,
    32.96399116516113,
    31.914949417114258,
    31.965255737304688,
    45.34411430358887,
    30.005931854248047,
    35.33625602722168,
    28.3505916595459,
    34.1949462890625,
    36.95321083068848,
    28.916358947753906,
    28.62405776977539,
    29.90865707397461,
    30.371427536010742,
    28.111934661865234,
    32.907724380493164,
    30.988693237304688,
    27.09174156188965,
    27.410507202148438,
    27.106046676635742,
    36.81445121765137,
    32.28402137756348,
    29.285907745361328,
    27.579784393310547,
    28.850317001342773,
    34.48915481567383,
    27.957439422607422,
    29.85215187072754,
    28.619766235351562,
    35.238027572631836,
    27.483224868774414,
    27.283430099487305,
    28.813838958740234,
    29.036998748779297,
    27.591705322265625,
    29.577016830444336,
    29.68454360961914,
    48.753976821899414,
    28.284549713134766,
    31.0060977935791,
    37.47248649597168,
    27.87494659423828,
    34.232139587402344,
    28.970956802368164,
    65.45042991638184,
    35.95900535583496,
    31.179428100585938,
    28.624534606933594,
    28.844356536865234,
    47.9583740234375,
    35.358428955078125,
    28.074264526367188,
    29.164552688598633,
    32.70101547241211,
    38.21587562561035,
    28.30219268798828,
    27.535438537597656,
    33.54144096374512,
    44.107913970947266,
    28.974294662475586,
    29.69503402709961,
    27.43983268737793,
    39.36171531677246,
    45.30906677246094,
    28.200864791870117,
    28.416872024536133,
    52.74701118469238,
    30.20620346069336,
    27.97722816467285,
    27.68540382385254,
    29.103994369506836,
    28.683185577392578,
    28.70035171508789,
    29.755592346191406,
    29.378890991210938,
    27.028322219848633,
    28.902053833007812,
    28.0301570892334,
    57.97123908996582,
    29.524564743041992,
    29.877662658691406,
    29.30927276611328,
    28.853416442871094,
    37.38141059875488,
    70.68514823913574,
    28.231143951416016,
    29.1440486907959,
    27.30083465576172,
    28.78737449645996,
    27.319669723510742,
    31.28528594970703,
    29.48760986328125,
    29.114246368408203,
    27.472257614135742,
    29.332876205444336,
    29.523611068725586,
    29.46639060974121,
    28.561115264892578,
    29.104232788085938,
    31.496524810791016,
    28.701066970825195,
    29.242992401123047,
    59.378862380981445,
    27.507305145263672,
    63.277244567871094,
    28.491973876953125,
    38.55323791503906,
    29.761791229248047,
    27.396202087402344,
    33.26106071472168,
    31.581878662109375,
    27.103900909423828,
    29.019594192504883,
    30.39693832397461,
    28.30219268798828,
    28.493165969848633,
    46.13661766052246,
    28.640270233154297,
    32.55772590637207,
    26.966571807861328,
    41.92638397216797,
    28.070449829101562,
    29.192447662353516,
    28.666257858276367,
    35.93587875366211,
    44.15178298950195,
    33.42700004577637,
    29.579877853393555,
    27.680397033691406,
    29.699087142944336,
    27.05240249633789,
