{
  "unit": "ms",
  "n_samples": 500,
  "values": [
    12.630701065063477,
    12.396574020385742,
    12.746095657348633,
    12.598276138305664,
    12.776374816894531,
    14.297962188720703,
    12.791633605957031,
    12.914419174194336,
    13.978004455566406,
    13.283967971801758,
    14.307022094726562,
    13.493776321411133,
    13.765335083007812,
    14.137029647827148,
    13.519525527954102,
    13.341665267944336,
    14.276266098022461,
    13.20028305053711,
    14.786481857299805,
    13.402462005615234,
    13.346433639526367,
    13.69619369506836,
    14.057636260986328,
    13.26608657836914,
    13.790369033813477,
    13.733386993408203,
    13.41390609741211,
    13.599634170532227,
    14.827251434326172,
    13.405799865722656,
    13.194561004638672,
    13.567209243774414,
    14.37830924987793,
    14.063119888305664,
    14.693021774291992,
    13.54837417602539,
    13.34238052368164,
    13.67807388305664,
    13.242006301879883,
    13.263702392578125,
    13.533592224121094,
    18.155813217163086,
    13.387441635131836,
    13.75269889831543,
    13.864755630493164,
    14.870643615722656,
    13.353824615478516,
    13.215303421020508,
    15.240669250488281,
    13.570308685302734,
    13.503074645996094,
    13.667821884155273,
    13.334274291992188,
    13.14401626586914,
    13.394832611083984,
    13.387441635131836,
    13.584375381469727,
    14.002561569213867,
    15.34891128540039,
    13.214349746704102,
    13.18502426147461,
    13.97085189819336,
    13.399362564086914,
    14.026165008544922,
    13.441801071166992,
    14.329671859741211,
    13.353347778320312,
    13.428449630737305,
    14.021873474121094,
    13.721942901611328,
    15.030145645141602,
    13.769149780273438,
    13.773679733276367,
    14.864683151245117,
    13.34238052368164,
    14.15872573852539,
    13.107538223266602,
    13.799428939819336,
    13.370275497436523,
    13.61227035522461,
    13.834476470947266,
    13.285636901855469,
    14.121294021606445,
    13.275861740112305,
    13.602256774902344,
    13.916730880737305,
    13.268470764160156,
    13.35597038269043,
    13.306140899658203,
    13.36050033569336,
    14.421939849853516,
    13.34381103515625,
    13.077020645141602,
    13.611078262329102,
    13.29183578491211,
    14.548540115356445,
    13.465642929077148,
    13.63992691040039,
    13.952255249023438,
    13.23080062866211,
    15.142202377319336,
    13.460159301757812,
    13.322830200195312,
    15.82956314086914,
    13.274431228637695,
    13.65971565246582,
    13.316631317138672,
    13.640403747558594,
    13.57412338256836,
    13.439655303955078,
    13.757705688476562,
    13.425111770629883,
    13.60011100769043,
    13.243675231933594,
    12.974023818969727,
    13.39411735534668,
    13.155460357666016,
    13.48114013671875,
    15.02084732055664,
    13.999223709106445,
    13.812541961669922,
    14.111518859863281,
    13.7481689453125,
    13.426065444946289,
    13.306856155395508,
    13.43083381652832,
    14.738082885742188,
    14.251470565795898,
    13.14234733581543,
    13.513326644897461,
    14.330625534057617,
    13.951301574707031,
    14.821290969848633,
    13.405561447143555,
    13.21554183959961,
    13.277292251586914,
    13.368606567382812,
    13.227701187133789,
    13.623952865600586,
    13.39268684387207,
    13.672590255737305,
    13.715744018554688,
    13.538122177124023,
    13.51308822631836,
    13.442277908325195,
    13.718605041503906,
    13.27371597290039,
    13.32855224609375,
    13.273000717163086,
    14.393329620361328,
    13.277053833007812,
    14.326810836791992,
    13.812065124511719,
    13.473272323608398,
    13.512372970581055,
    13.190507888793945,
    22.594690322875977,
    13.884305953979492,
    13.306379318237305,
    16.869783401489258,
    13.472795486450195,
    14.55998420715332,
    14.036893844604492,
    13.989925384521484,
    13.310909271240234,
    14.913558959960938,
    14.13869857788086,
    14.204978942871094,
    13.585329055786133,
    13.346433639526367,
    13.341665267944336,
    13.93437385559082,
    16.359806060791016,
    13.509273529052734,
    13.73291015625,
    13.78774642944336,
    14.933347702026367,
    14.380931854248047,
    13.863801956176758,
    13.683319091796875,
    15.55323600769043,
    14.105796813964844,
    13.016700744628906,
    13.885736465454102,
    15.253543853759766,
    13.673782348632812,
    14.341115951538086,
    13.55886459350586,
    13.522863388061523,
    13.73910903930664,
    13.077497482299805,
    13.3819580078125,
    14.133453369140625,
    13.741254806518555,
    13.962030410766602,
    14.835834503173828,
    13.591289520263672,
    14.60123062133789,
    13.453245162963867,
    213.52910995483398,
    13.87643814086914,
    14.56594467163086,
    13.98777961730957,
    13.866901397705078,
    13.64755630493164,
    14.13416862487793,
    14.701128005981445,
    13.968229293823242,
    15.599250793457031,
    13.71455192565918,
    14.347076416015625,
    13.768672943115234,
    14.601945877075195,
    13.563156127929688,
    14.129161834716797,
    13.959407806396484,
    13.431072235107422,
    16.791582107543945,
    14.243125915527344,
    13.245582580566406,
    13.681173324584961,
    13.77725601196289,
    17.540454864501953,
    14.229774475097656,
    17.843961715698242,
    13.801336288452148,
    16.10112190246582,
    14.2974853515625,
    13.612508773803711,
    13.6566162109375,
    14.371871948242188,
    13.88239860534668,
    13.89765739440918,
    14.055967330932617,
    13.634443283081055,
    13.654947280883789,
    14.00136947631836,
    13.657093048095703,
    13.815164566040039,
    13.432741165161133,
    14.008760452270508,
    13.530969619750977,
    13.756275177001953,
    13.636112213134766,
    13.607263565063477,
    13.390779495239258,
    14.217138290405273,
    13.522148132324219,
    15.19322395324707,
    13.675689697265625,
    13.460159301757812,
    14.593124389648438,
    13.768434524536133,
    13.635635375976562,
    13.640880584716797,
    14.23192024230957,
    14.050960540771484,
    13.255119323730469,
    13.799667358398438,
    14.024972915649414,
    13.806343078613281,
    13.635396957397461,
    14.084100723266602,
    14.893293380737305,
    13.415336608886719,
    15.471220016479492,
    14.571428298950195,
    14.934062957763672,
    14.203548431396484,
    13.419151306152344,
    13.653755187988281,
    14.732122421264648,
    14.714479446411133,
    13.813257217407227,
    13.63372802734375,
    14.33253288269043,
    13.548135757446289,
    13.498067855834961,
    13.628244400024414,
    13.703107833862305,
    13.988256454467773,
    13.998746871948242,
    15.130043029785156,
    13.805389404296875,
    13.079643249511719,
    13.586282730102539,
    13.779878616333008,
    17.053842544555664,
    14.524459838867188,
    13.123512268066406,
    13.501882553100586,
    14.65749740600586,
    14.79792594909668,
    15.216588973999023,
    14.775753021240234,
    13.524770736694336,
    13.714075088500977,
    13.907194137573242,
    14.016389846801758,
    13.942718505859375,
    13.722658157348633,
    13.948678970336914,
    13.528108596801758,
    13.825654983520508,
    13.945817947387695,
    13.540029525756836,
    13.949155807495117,
    13.735771179199219,
    13.443946838378906,
    13.869762420654297,
    15.008211135864258,
    13.703107833862305,
    13.671398162841797,
    13.937234878540039,
    13.712167739868164,
    13.552188873291016,
    14.081478118896484,
    13.911247253417969,
    14.324426651000977,
    13.238906860351562,
    13.635635375976562,
    13.664722442626953,
    15.489816665649414,
    13.758420944213867,
    13.632774353027344,
    13.434171676635742,
    13.662576675415039,
    14.189720153808594,
    13.99993896484375,
    13.854503631591797,
    13.80777359008789,
    14.005422592163086,
    13.482809066772461,
    13.871192932128906,
