{
  "unit": "ms",
  "n_samples": 500,
  "values": [
    23.76246452331543,
    22.773265838623047,
    23.62799644470215,
    24.00040626525879,
    24.036169052124023,
    25.393009185791016,
    24.809837341308594,
    25.005817413330078,
    24.837970733642578,
    24.99675750732422,
    24.02329444885254,
    25.1619815826416,
    24.892568588256836,
    24.094104766845703,
    24.503231048583984,
    24.562597274780273,
    24.58024024963379,
    23.83732795715332,
    24.902820587158203,
    30.02619743347168,
    24.123191833496094,
    25.13742446899414,
    25.339365005493164,
    24.480104446411133,
    23.39029312133789,
    24.438858032226562,
    24.71470832824707,
    24.78170394897461,
    25.949478149414062,
    25.465011596679688,
    24.36995506286621,
    24.771928787231445,
    24.579524993896484,
    24.304866790771484,
    25.052309036254883,
    24.98340606689453,
    24.5058536529541,
    24.63388442993164,
    25.225400924682617,
    23.964643478393555,
    23.93198013305664,
    25.322437286376953,
    24.90997314453125,
    24.866580963134766,
    24.434328079223633,
    25.02584457397461,
    24.44911003112793,
    25.05803108215332,
    24.9021053314209,
    26.168346405029297,
    29.457807540893555,
    26.60083770751953,
    29.84619140625,
    25.927305221557617,
    24.83081817626953,
    25.724411010742188,
    25.70652961730957,
    25.31123161315918,
    24.7189998626709,
    24.806976318359375,
    25.13289451599121,
    26.840925216674805,
    24.417400360107422,
    24.933576583862305,
    25.18773078918457,
    25.621891021728516,
    24.581193923950195,
    25.411605834960938,
    25.161266326904297,
    25.45905113220215,
    25.221824645996094,
    24.4598388671875,
    24.810791015625,
    25.372743606567383,
    24.681568145751953,
    24.86896514892578,
    25.185346603393555,
    24.883031845092773,
    26.54886245727539,
    27.03070640563965,
    24.245500564575195,
    24.919748306274414,
    24.767160415649414,
    25.37083625793457,
    24.846315383911133,
    25.023221969604492,
    24.677753448486328,
    24.020910263061523,
    25.177955627441406,
    24.257183074951172,
    25.47144889831543,
    24.632930755615234,
    24.048328399658203,
    25.337696075439453,
    24.988651275634766,
    28.748273849487305,
    24.425268173217773,
    24.396181106567383,
    25.85911750793457,
    25.588274002075195,
    24.842500686645508,
    24.83534812927246,
    24.415016174316406,
    27.191162109375,
    24.6732234954834,
    24.827957153320312,
    24.280548095703125,
    26.770591735839844,
    26.87978744506836,
    26.070833206176758,
    27.36806869506836,
    24.605512619018555,
    25.375843048095703,
    24.03545379638672,
    25.374412536621094,
    25.0546932220459,
    24.877309799194336,
    24.6427059173584,
    25.214672088623047,
    24.962902069091797,
    23.786067962646484,
    25.200605392456055,
    24.700641632080078,
    24.77288246154785,
    24.521827697753906,
    24.335384368896484,
    26.20100975036621,
    26.29995346069336,
    24.135112762451172,
    24.76668357849121,
    24.70231056213379,
    24.546146392822266,
    24.693727493286133,
    23.23317527770996,
    23.91815185546875,
    24.676084518432617,
    24.198293685913086,
    24.453401565551758,
    24.18065071105957,
    24.90544319152832,
    26.20387077331543,
    27.816057205200195,
    24.961471557617188,
    24.293899536132812,
    25.023698806762695,
    24.701595306396484,
    24.17778968811035,
    24.68585968017578,
    24.91021156311035,
    23.96392822265625,
    24.78957176208496,
    24.975299835205078,
    23.351669311523438,
    24.71017837524414,
    25.972843170166016,
    28.386592864990234,
    25.05350112915039,
    24.748563766479492,
    25.513648986816406,
    24.686574935913086,
    24.854660034179688,
    24.998903274536133,
    24.663209915161133,
    24.432659149169922,
    25.01964569091797,
    24.725914001464844,
    24.280309677124023,
    24.979352951049805,
    24.726152420043945,
    27.726411819458008,
    24.815082550048828,
    24.38187599182129,
    24.310588836669922,
    25.02298355102539,
    24.495601654052734,
    24.915218353271484,
    24.881601333618164,
    24.654388427734375,
    25.069475173950195,
    24.806737899780273,
    24.81365203857422,
    25.49004554748535,
    25.037050247192383,
    29.271364212036133,
    24.45387840270996,
    24.235963821411133,
    24.390459060668945,
    24.979114532470703,
    24.59883689880371,
    24.42336082458496,
    24.875879287719727,
    24.906635284423828,
    23.67877960205078,
    24.945497512817383,
    24.736881256103516,
    23.72145652770996,
    24.94668960571289,
    24.679183959960938,
    24.555683135986328,
    25.120258331298828,
    24.631261825561523,
    24.493694305419922,
    24.660587310791016,
    25.09903907775879,
    24.100303649902344,
    23.999452590942383,
    24.733304977416992,
    24.90973472595215,
    24.90234375,
    24.237394332885742,
    25.01511573791504,
    24.904251098632812,
    25.300264358520508,
    25.30360221862793,
    25.63333511352539,
    24.573564529418945,
    25.753021240234375,
    25.125503540039062,
    28.9151668548584,
    23.493528366088867,
    24.770021438598633,
    25.377511978149414,
    25.239229202270508,
    24.883747100830078,
    24.61409568786621,
    25.327682495117188,
    24.57904815673828,
    24.695158004760742,
    27.89020538330078,
    23.42677116394043,
    24.892091751098633,
    24.85489845275879,
    24.43981170654297,
    24.506807327270508,
    24.80340003967285,
    28.501510620117188,
    24.064302444458008,
    25.097131729125977,
    25.938034057617188,
    24.542808532714844,
    23.942947387695312,
    24.63245391845703,
    24.942874908447266,
    24.442672729492188,
    25.27141571044922,
    23.859500885009766,
    24.94978904724121,
    24.810075759887695,
    24.53017234802246,
    24.909496307373047,
    28.672456741333008,
    26.242494583129883,
    25.396347045898438,
    24.976253509521484,
    24.910688400268555,
    25.673389434814453,
    24.03879165649414,
    24.87659454345703,
    24.515151977539062,
    25.346040725708008,
    24.695396423339844,
    24.16253089904785,
    23.786306381225586,
    26.17669105529785,
    28.673171997070312,
    24.71327781677246,
    26.277542114257812,
    24.156808853149414,
    24.427413940429688,
    24.35445785522461,
    24.623632431030273,
    24.9178409576416,
    24.959802627563477,
    24.907827377319336,
    25.181055068969727,
    24.25551414489746,
    27.798175811767578,
    23.404598236083984,
    24.491548538208008,
    24.357080459594727,
    26.304006576538086,
    23.696422576904297,
    23.844480514526367,
    24.595260620117188,
    25.352954864501953,
    25.824785232543945,
    23.52285385131836,
    25.034427642822266,
    23.395538330078125,
    25.154590606689453,
    24.118661880493164,
    24.168729782104492,
    24.708032608032227,
    24.976491928100586,
    28.08690071105957,
    24.08456802368164,
    23.58078956604004,
    24.52397346496582,
    24.555444717407227,
    25.15387535095215,
    24.959325790405273,
    25.06709098815918,
    25.304079055786133,
    24.181365966796875,
    24.7344970703125,
    24.712324142456055,
    25.145769119262695,
    23.670196533203125,
    25.040864944458008,
    24.826526641845703,
    25.19083023071289,
    24.20330047607422,
    24.564266204833984,
    25.116920471191406,
    25.013446807861328,
    24.995088577270508,
    24.60193634033203,
    25.673866271972656,
    28.223514556884766,
    25.419235229492188,
    25.869131088256836,
    25.81167221069336,
    28.178691864013672,
    25.452375411987305,
    24.150371551513672,
    25.410175323486328,
    25.6040096282959,
    24.59263801574707,
    24.990320205688477,
    24.689674377441406,
    24.869680404663086,
    24.299144744873047,
    24.62935447692871,
    25.05183219909668,
    24.538755416870117,
    24.440288543701172,
    25.264739990234375,
