{
  "B-Chemical": {
    "precision": 0.9324894514767933,
    "recall": 0.9424307036247335,
    "f1": 0.9374337221633086,
    "support": 469.0
  },
  "B-Disease": {
    "precision": 0.870026525198939,
    "recall": 0.8677248677248677,
    "f1": 0.8688741721854305,
    "support": 378.0
  },
  "I-Chemical": {
    "precision": 0.8387096774193549,
    "recall": 0.6842105263157895,
    "f1": 0.7536231884057971,
    "support": 38.0
  },
  "I-Disease": {
    "precision": 0.7934272300469484,
    "recall": 0.7897196261682243,
    "f1": 0.7915690866510539,
    "support": 214.0
  }
}