{
  "B-age": {
    "precision": 0.4868421052631579,
    "recall": 1.0,
    "f1": 0.6548672566371682,
    "support": 37.0
  },
  "B-certificate_license_number": {
    "precision": 0.09508196721311475,
    "recall": 0.3372093023255814,
    "f1": 0.1483375959079284,
    "support": 86.0
  },
  "B-city": {
    "precision": 0.5047619047619047,
    "recall": 0.7535545023696683,
    "f1": 0.6045627376425855,
    "support": 211.0
  },
  "B-credit_debit_card": {
    "precision": 0.7377049180327869,
    "recall": 0.9473684210526315,
    "f1": 0.8294930875576036,
    "support": 95.0
  },
  "B-date": {
    "precision": 0.792258064516129,
    "recall": 0.8623595505617978,
    "f1": 0.8258238063214526,
    "support": 712.0
  },
  "B-date_of_birth": {
    "precision": 1.0,
    "recall": 1.0,
    "f1": 1.0,
    "support": 131.0
  },
  "B-email": {
    "precision": 0.7945670628183361,
    "recall": 0.9473684210526315,
    "f1": 0.8642659279778393,
    "support": 494.0
  },
  "B-first_name": {
    "precision": 0.8019607843137255,
    "recall": 0.6873949579831933,
    "f1": 0.7402714932126697,
    "support": 595.0
  },
  "B-gender": {
    "precision": 1.0,
    "recall": 0.027777777777777776,
    "f1": 0.05405405405405406,
    "support": 36.0
  },
  "B-last_name": {
    "precision": 0.9461279461279462,
    "recall": 0.6565420560747663,
    "f1": 0.7751724137931034,
    "support": 428.0
  },
  "B-phone_number": {
    "precision": 0.39303482587064675,
    "recall": 0.9634146341463414,
    "f1": 0.558303886925795,
    "support": 246.0
  },
  "B-postcode": {
    "precision": 0.38271604938271603,
    "recall": 0.96875,
    "f1": 0.5486725663716814,
    "support": 96.0
  },
  "B-ssn": {
    "precision": 0.46226415094339623,
    "recall": 0.9423076923076923,
    "f1": 0.620253164556962,
    "support": 52.0
  },
  "B-street_address": {
    "precision": 0.31382978723404253,
    "recall": 0.3224043715846995,
    "f1": 0.31805929919137466,
    "support": 183.0
  },
  "B-tax_id": {
    "precision": 0.12,
    "recall": 0.5454545454545454,
    "f1": 0.19672131147540983,
    "support": 22.0
  },
  "B-time": {
    "precision": 0.8263473053892215,
    "recall": 0.7976878612716763,
    "f1": 0.8117647058823529,
    "support": 173.0
  },
  "I-certificate_license_number": {
    "precision": 0.0,
    "recall": 0.0,
    "f1": 0.0,
    "support": 5.0
  },
  "I-city": {
    "precision": 0.248,
    "recall": 0.7045454545454546,
    "f1": 0.3668639053254438,
    "support": 44.0
  },
  "I-credit_debit_card": {
    "precision": 0.9769230769230769,
    "recall": 0.927007299270073,
    "f1": 0.951310861423221,
    "support": 274.0
  },
  "I-date": {
    "precision": 0.8758169934640523,
    "recall": 0.6320754716981132,
    "f1": 0.7342465753424657,
    "support": 212.0
  },
  "I-email": {
    "precision": 0.0,
    "recall": 0.0,
    "f1": 0.0,
    "support": 1.0
  },
  "I-first_name": {
    "precision": 0.027777777777777776,
    "recall": 0.2,
    "f1": 0.04878048780487805,
    "support": 5.0
  },
  "I-last_name": {
    "precision": 0.3333333333333333,
    "recall": 1.0,
    "f1": 0.5,
    "support": 1.0
  },
  "I-phone_number": {
    "precision": 0.6378737541528239,
    "recall": 0.9230769230769231,
    "f1": 0.7544204322200393,
    "support": 208.0
  },
  "I-postcode": {
    "precision": 0.2,
    "recall": 0.5,
    "f1": 0.2857142857142857,
    "support": 2.0
  },
  "I-ssn": {
    "precision": 0.0,
    "recall": 0.0,
    "f1": 0.0,
    "support": 0.0
  },
  "I-street_address": {
    "precision": 0.9893992932862191,
    "recall": 0.5845511482254697,
    "f1": 0.7349081364829396,
    "support": 479.0
  },
  "I-tax_id": {
    "precision": 0.0,
    "recall": 0.0,
    "f1": 0.0,
    "support": 1.0
  },
  "I-time": {
    "precision": 0.967741935483871,
    "recall": 0.6451612903225806,
    "f1": 0.7741935483870968,
    "support": 93.0
  }
}