{
  "unit": "ms",
  "n_samples": 500,
  "values": [
    286.18526458740234,
    172.0597743988037,
    127.4409294128418,
    126.44362449645996,
    120.59736251831055,
    119.36497688293457,
    154.2184352874756,
    212.61906623840332,
    90.47055244445801,
    151.81946754455566,
    154.90388870239258,
    70.21689414978027,
    130.0637722015381,
    188.6003017425537,
    103.96933555603027,
    97.30267524719238,
    156.89349174499512,
    209.4264030456543,
    93.75333786010742,
    107.64479637145996,
    197.9074478149414,
    133.3177089691162,
    165.49038887023926,
    171.69785499572754,
    115.31615257263184,
    161.6222858428955,
    144.09923553466797,
    146.77906036376953,
    229.65455055236816,
    141.97587966918945,
    226.00054740905762,
    202.01706886291504,
    197.9820728302002,
    108.30998420715332,
    123.00682067871094,
    225.01325607299805,
    190.07372856140137,
    126.78194046020508,
    119.01330947875977,
    166.0010814666748,
    195.76668739318848,
    194.25678253173828,
    70.42145729064941,
    175.5516529083252,
    178.9095401763916,
    117.63882637023926,
    273.50521087646484,
    65.89102745056152,
    111.40942573547363,
    131.51097297668457,
    218.0314064025879,
    233.80136489868164,
    220.81422805786133,
    247.5874423980713,
    86.26103401184082,
    207.15022087097168,
    173.86436462402344,
    79.95367050170898,
    115.57483673095703,
    128.88669967651367,
    35.93277931213379,
    137.72869110107422,
    112.65134811401367,
    163.6059284210205,
    36.60845756530762,
    193.9523220062256,
    220.46184539794922,
    86.66133880615234,
    111.75656318664551,
    84.67459678649902,
    70.33848762512207,
    116.4236068725586,
    131.54077529907227,
    94.6815013885498,
    119.44890022277832,
    151.5340805053711,
    224.93696212768555,
    50.223588943481445,
    259.9606513977051,
    171.55218124389648,
    160.78877449035645,
    157.40084648132324,
    246.3552951812744,
    153.43594551086426,
    111.40322685241699,
    124.98784065246582,
    170.80211639404297,
    143.19586753845215,
    170.8986759185791,
    113.86704444885254,
    263.04125785827637,
    84.82956886291504,
    148.8196849822998,
    95.82352638244629,
    137.0089054107666,
    29.431581497192383,
    200.06036758422852,
    174.96013641357422,
    95.59345245361328,
    157.06491470336914,
    136.57093048095703,
    155.595064163208,
    224.30944442749023,
    245.1777458190918,
    238.36183547973633,
    172.3165512084961,
    105.41749000549316,
    156.73446655273438,
    167.99378395080566,
    179.57139015197754,
    225.76022148132324,
    32.428741455078125,
    100.7850170135498,
    150.66933631896973,
    208.70566368103027,
    106.56189918518066,
    140.57040214538574,
    109.51709747314453,
    85.92629432678223,
    168.9910888671875,
    147.0179557800293,
    106.2614917755127,
    199.71323013305664,
    178.22790145874023,
    89.1871452331543,
    166.74566268920898,
    121.39749526977539,
    77.35753059387207,
    121.05298042297363,
    128.83710861206055,
    198.103666305542,
    86.50922775268555,
    134.28664207458496,
    156.7375659942627,
    128.49783897399902,
    112.78104782104492,
    163.8960838317871,
    54.82792854309082,
    161.2839698791504,
    163.18011283874512,
    119.77958679199219,
    138.5502815246582,
    248.42596054077148,
    108.88051986694336,
    144.2883014678955,
    122.61056900024414,
    62.95633316040039,
    216.62378311157227,
    92.81444549560547,
    165.60053825378418,
    190.75441360473633,
    27.155160903930664,
    211.44700050354004,
    134.5069408416748,
    122.2524642944336,
    189.09406661987305,
    125.00500679016113,
    137.31646537780762,
    82.96346664428711,
    217.73791313171387,
    78.63092422485352,
    54.57735061645508,
    177.27279663085938,
    30.918359756469727,
    127.61950492858887,
    140.78640937805176,
    263.7290954589844,
    149.07503128051758,
    112.05410957336426,
    142.48919486999512,
    168.66374015808105,
    171.5991497039795,
    187.1054172515869,
    105.93295097351074,
    111.05513572692871,
    178.4982681274414,
    106.73999786376953,
    201.5819549560547,
    89.0505313873291,
    227.27370262145996,
    122.97296524047852,
    84.57589149475098,
    142.64559745788574,
    244.9500560760498,
    126.9066333770752,
    122.17855453491211,
    133.76307487487793,
    225.68440437316895,
    165.78221321105957,
    152.04739570617676,
    177.50215530395508,
    260.04695892333984,
    216.97545051574707,
    52.617549896240234,
    169.77429389953613,
    200.0436782836914,
    176.65648460388184,
    138.8087272644043,
    135.79487800598145,
    202.1005153656006,
    128.46922874450684,
    151.2622833251953,
    156.1257839202881,
    173.8119125366211,
    222.82838821411133,
    45.484304428100586,
    134.86099243164062,
    131.03318214416504,
    88.60993385314941,
    193.85981559753418,
    191.9839382171631,
    248.71349334716797,
    140.1538848876953,
    130.7849884033203,
    167.46997833251953,
    80.31916618347168,
    203.568696975708,
    22.931337356567383,
    147.13549613952637,
    71.75350189208984,
    266.7379379272461,
    150.00653266906738,
    82.74292945861816,
    136.71183586120605,
    158.98489952087402,
    180.75823783874512,
    86.72237396240234,
    205.10339736938477,
    148.46062660217285,
    72.01290130615234,
    141.15071296691895,
    68.15195083618164,
    122.16401100158691,
    176.20182037353516,
    156.9356918334961,
    120.00703811645508,
    129.78124618530273,
    191.82372093200684,
    184.15427207946777,
    114.59541320800781,
    221.2815284729004,
    149.70159530639648,
    149.4746208190918,
    140.56396484375,
    231.51183128356934,
    166.6097640991211,
    139.24098014831543,
    166.45574569702148,
    116.6067123413086,
    145.56026458740234,
    160.49456596374512,
    175.27008056640625,
    126.29532814025879,
    167.90080070495605,
    49.99279975891113,
    99.92003440856934,
    132.5523853302002,
    117.69485473632812,
    215.61431884765625,
    152.73690223693848,
    96.52018547058105,
    204.90765571594238,
    141.5731906890869,
    118.53337287902832,
    118.87526512145996,
    93.95837783813477,
    86.54093742370605,
    82.36455917358398,
    245.65696716308594,
    124.73869323730469,
    172.45888710021973,
    203.6585807800293,
    124.87030029296875,
    207.3047161102295,
    217.8192138671875,
    107.46002197265625,
    183.81237983703613,
    126.6181468963623,
    93.52684020996094,
    124.73750114440918,
    178.48658561706543,
    118.67189407348633,
    261.51156425476074,
    135.74814796447754,
    186.39445304870605,
    100.65388679504395,
    34.44838523864746,
    135.68568229675293,
    48.39777946472168,
    253.75103950500488,
    129.95195388793945,
    110.26763916015625,
    90.77644348144531,
    117.27213859558105,
    211.27939224243164,
    110.61716079711914,
    242.6915168762207,
    140.03419876098633,
    126.40380859375,
    210.42203903198242,
    105.93676567077637,
    122.29180335998535,
    178.82537841796875,
    209.86127853393555,
    125.21910667419434,
    120.34320831298828,
    191.46347045898438,
    229.70271110534668,
    126.43980979919434,
    137.11953163146973,
    169.1591739654541,
    131.78443908691406,
    95.96586227416992,
    168.00665855407715,
    192.42048263549805,
    101.02272033691406,
    91.89295768737793,
    133.70037078857422,
    147.75896072387695,
    131.1037540435791,
    110.18967628479004,
    155.41696548461914,
    119.31347846984863,
    206.55083656311035,
    71.8839168548584,
    60.43720245361328,
    126.17278099060059,
    199.8448371887207,
    189.8179054260254,
    125.0758171081543,
    117.73085594177246,
    108.97159576416016,
    169.26336288452148,
    129.3492317199707,
    147.4285125732422,
    171.860933303833,
    178.79033088684082,
