{
  "unit": "ms",
  "n_samples": 500,
  "values": [
    273.9548683166504,
    27.924060821533203,
    199.5246410369873,
    25.14362335205078,
    24.676084518432617,
    24.78623390197754,
    30.36952018737793,
    24.83367919921875,
    25.36630630493164,
    25.09307861328125,
    25.575876235961914,
    25.84671974182129,
    25.639772415161133,
    25.699615478515625,
    25.488615036010742,
    25.902271270751953,
    25.734663009643555,
    25.522470474243164,
    25.716304779052734,
    25.540590286254883,
    25.545358657836914,
    25.671958923339844,
    27.057409286499023,
    25.472164154052734,
    25.45022964477539,
    25.3140926361084,
    26.027441024780273,
    25.68507194519043,
    25.6197452545166,
    25.620222091674805,
    25.3908634185791,
    25.252580642700195,
    25.517702102661133,
    24.543046951293945,
    25.978565216064453,
    25.552988052368164,
    25.352954864501953,
    25.326251983642578,
    25.3603458404541,
    25.38013458251953,
    25.483369827270508,
    25.615930557250977,
    25.35247802734375,
    25.66838264465332,
    25.323152542114258,
    24.733781814575195,
    25.328636169433594,
    24.520158767700195,
    25.272130966186523,
    25.39205551147461,
    25.574922561645508,
    25.566577911376953,
    25.493383407592773,
    25.484085083007812,
    25.638103485107422,
    25.49600601196289,
    25.7723331451416,
    25.690078735351562,
    25.456666946411133,
    25.410890579223633,
    25.390625,
    25.391578674316406,
    25.458574295043945,
    25.623083114624023,
    25.38752555847168,
    25.688886642456055,
    25.67148208618164,
    26.838302612304688,
    25.48813819885254,
    25.99501609802246,
    25.55990219116211,
    25.527000427246094,
    25.526762008666992,
    25.39205551147461,
    24.727344512939453,
    25.669097900390625,
    25.58302879333496,
    25.68984031677246,
    24.657011032104492,
    25.454998016357422,
    25.56896209716797,
    25.437116622924805,
    25.44236183166504,
    25.521278381347656,
    25.47478675842285,
    26.172399520874023,
    25.490999221801758,
    25.384902954101562,
    25.65789222717285,
    25.59518814086914,
    25.32219886779785,
    25.414228439331055,
    24.67203140258789,
    25.651216506958008,
    25.67458152770996,
    25.365352630615234,
    24.617671966552734,
    25.50959587097168,
    25.694847106933594,
    25.35390853881836,
    25.687456130981445,
    26.221275329589844,
    25.658369064331055,
    25.216341018676758,
    25.578975677490234,
    25.622844696044922,
    25.54607391357422,
    25.790691375732422,
    25.552988052368164,
    25.421619415283203,
    25.3450870513916,
    25.352001190185547,
    25.386333465576172,
    24.396181106567383,
    24.40476417541504,
    25.454044342041016,
    24.336576461791992,
    25.201082229614258,
    24.34372901916504,
    25.23183822631836,
    25.315046310424805,
    25.178194046020508,
    25.38132667541504,
    25.232553482055664,
    25.46834945678711,
    25.3450870513916,
    25.47454833984375,
    25.423049926757812,
    25.441646575927734,
    25.544166564941406,
    25.438547134399414,
    25.435209274291992,
    25.298118591308594,
    25.265216827392578,
    26.71980857849121,
    25.42281150817871,
    25.296449661254883,
    25.628328323364258,
    26.1838436126709,
    25.348186492919922,
    25.68960189819336,
    25.5889892578125,
    25.37083625793457,
    25.534391403198242,
    25.68817138671875,
    25.689125061035156,
    26.03602409362793,
    26.516437530517578,
    25.90012550354004,
    25.375843048095703,
    25.91848373413086,
    25.70629119873047,
    25.70962905883789,
    24.75905418395996,
    24.6431827545166,
    24.524211883544922,
    25.32815933227539,
    25.57229995727539,
    25.533437728881836,
    25.482177734375,
    25.460481643676758,
    24.600982666015625,
    25.325775146484375,
    25.467395782470703,
    25.55060386657715,
    24.719953536987305,
    25.57969093322754,
    25.38466453552246,
    24.631261825561523,
    25.376319885253906,
    25.749921798706055,
    26.04508399963379,
    25.5889892578125,
    25.379419326782227,
    24.568796157836914,
    25.580644607543945,
    25.53534507751465,
    25.67315101623535,
    25.441646575927734,
    25.54035186767578,
    24.700164794921875,
    24.681568145751953,
    25.577545166015625,
    25.667428970336914,
    25.56014060974121,
    25.689125061035156,
    26.204586029052734,
    25.891542434692383,
    25.73871612548828,
    25.734901428222656,
    25.81334114074707,
    25.861740112304688,
    25.55537223815918,
    25.604724884033203,
    25.536060333251953,
    25.578022003173828,
    25.706768035888672,
    25.552034378051758,
    25.634765625,
    25.54488182067871,
    25.443315505981445,
    24.629831314086914,
    25.415420532226562,
    25.53534507751465,
    25.486469268798828,
    25.6497859954834,
    25.640487670898438,
    25.365114212036133,
    25.52962303161621,
    25.65932273864746,
    25.435924530029297,
    25.619983673095703,
    25.69437026977539,
    25.61044692993164,
    25.464296340942383,
    25.866270065307617,
    25.356054306030273,
    24.61838722229004,
    25.391340255737305,
    25.382280349731445,
    24.599313735961914,
    25.614261627197266,
    25.426387786865234,
    25.67577362060547,
    24.807214736938477,
    25.800704956054688,
    25.693893432617188,
    25.600433349609375,
    25.466203689575195,
    26.177406311035156,
    25.797605514526367,
    25.316238403320312,
    25.475025177001953,
    25.472640991210938,
    25.511980056762695,
    25.54464340209961,
    25.380611419677734,
    25.398969650268555,
    25.551319122314453,
    24.58333969116211,
    24.602890014648438,
    25.50983428955078,
    25.40278434753418,
    25.33721923828125,
    25.435209274291992,
    25.55227279663086,
    25.630474090576172,
    25.504350662231445,
    25.632143020629883,
    25.70366859436035,
    25.471925735473633,
    25.724411010742188,
    25.31123161315918,
    25.870323181152344,
    25.542736053466797,
    25.436878204345703,
    25.821924209594727,
    25.432109832763672,
    25.310516357421875,
    25.33102035522461,
    24.377107620239258,
    25.170087814331055,
    25.330305099487305,
    25.496244430541992,
    25.507450103759766,
    25.907039642333984,
    25.42901039123535,
    25.53105354309082,
    25.784730911254883,
    25.689363479614258,
    25.647878646850586,
    25.707006454467773,
    25.665760040283203,
    25.76613426208496,
    25.58112144470215,
    25.356769561767578,
    25.532007217407227,
    25.385379791259766,
    25.654315948486328,
    25.35223960876465,
    25.41065216064453,
    25.62236785888672,
    25.76303482055664,
    25.712251663208008,
    25.641679763793945,
    25.71725845336914,
    25.643110275268555,
    24.789094924926758,
    25.806427001953125,
    25.49266815185547,
    25.275707244873047,
    25.41327476501465,
    24.53899383544922,
    25.482654571533203,
    25.348186492919922,
    25.460004806518555,
    25.594472885131836,
    25.583267211914062,
    26.07250213623047,
    25.48694610595703,
    25.41351318359375,
    25.45762062072754,
    25.73704719543457,
    25.341272354125977,
    25.556325912475586,
    25.365591049194336,
    25.436878204345703,
    25.528430938720703,
    25.779247283935547,
    25.646448135375977,
    25.71892738342285,
    25.429725646972656,
    25.66838264465332,
    24.57261085510254,
    25.565385818481445,
    25.503158569335938,
    25.593280792236328,
    25.29740333557129,
    25.406360626220703,
    25.41184425354004,
    24.597883224487305,
    25.711536407470703,
    25.569438934326172,
    25.873184204101562,
    24.75285530090332,
    25.47907829284668,
    25.800704956054688,
    25.751590728759766,
    25.748014450073242,
    25.680065155029297,
    25.525331497192383,
    25.593996047973633,
    25.646448135375977,
    24.767637252807617,
    24.65677261352539,
    25.762081146240234,
    25.67315101623535,
