{
  "B-Chemical": {
    "precision": 0.9248434237995825,
    "recall": 0.9425531914893617,
    "f1": 0.9336143308746049,
    "support": 470.0
  },
  "B-Disease": {
    "precision": 0.8614130434782609,
    "recall": 0.8637602179836512,
    "f1": 0.8625850340136054,
    "support": 367.0
  },
  "I-Chemical": {
    "precision": 0.8461538461538461,
    "recall": 0.7021276595744681,
    "f1": 0.7674418604651163,
    "support": 47.0
  },
  "I-Disease": {
    "precision": 0.8186274509803921,
    "recall": 0.7990430622009569,
    "f1": 0.8087167070217918,
    "support": 209.0
  }
}