{
  "B-age": {
    "precision": 0.45569620253164556,
    "recall": 0.972972972972973,
    "f1": 0.6206896551724138,
    "support": 37.0
  },
  "B-certificate_license_number": {
    "precision": 0.09235668789808917,
    "recall": 0.3372093023255814,
    "f1": 0.145,
    "support": 86.0
  },
  "B-city": {
    "precision": 0.5,
    "recall": 0.7772511848341233,
    "f1": 0.608534322820037,
    "support": 211.0
  },
  "B-credit_debit_card": {
    "precision": 0.7235772357723578,
    "recall": 0.9368421052631579,
    "f1": 0.8165137614678899,
    "support": 95.0
  },
  "B-date": {
    "precision": 0.9744,
    "recall": 0.8553370786516854,
    "f1": 0.9109947643979057,
    "support": 712.0
  },
  "B-date_of_birth": {
    "precision": 0.4746376811594203,
    "recall": 1.0,
    "f1": 0.6437346437346437,
    "support": 131.0
  },
  "B-email": {
    "precision": 0.7945670628183361,
    "recall": 0.9473684210526315,
    "f1": 0.8642659279778393,
    "support": 494.0
  },
  "B-first_name": {
    "precision": 0.8015717092337917,
    "recall": 0.6857142857142857,
    "f1": 0.7391304347826086,
    "support": 595.0
  },
  "B-gender": {
    "precision": 0.0,
    "recall": 0.0,
    "f1": 0.0,
    "support": 36.0
  },
  "B-last_name": {
    "precision": 0.9351535836177475,
    "recall": 0.6401869158878505,
    "f1": 0.7600554785020804,
    "support": 428.0
  },
  "B-phone_number": {
    "precision": 0.4143356643356643,
    "recall": 0.9634146341463414,
    "f1": 0.5794621026894865,
    "support": 246.0
  },
  "B-postcode": {
    "precision": 0.364,
    "recall": 0.9479166666666666,
    "f1": 0.5260115606936416,
    "support": 96.0
  },
  "B-ssn": {
    "precision": 0.46226415094339623,
    "recall": 0.9423076923076923,
    "f1": 0.620253164556962,
    "support": 52.0
  },
  "B-street_address": {
    "precision": 0.32085561497326204,
    "recall": 0.32786885245901637,
    "f1": 0.32432432432432434,
    "support": 183.0
  },
  "B-tax_id": {
    "precision": 0.0916030534351145,
    "recall": 0.5454545454545454,
    "f1": 0.1568627450980392,
    "support": 22.0
  },
  "B-time": {
    "precision": 0.8214285714285714,
    "recall": 0.7976878612716763,
    "f1": 0.8093841642228738,
    "support": 173.0
  },
  "I-certificate_license_number": {
    "precision": 0.0,
    "recall": 0.0,
    "f1": 0.0,
    "support": 5.0
  },
  "I-city": {
    "precision": 0.2556390977443609,
    "recall": 0.7727272727272727,
    "f1": 0.384180790960452,
    "support": 44.0
  },
  "I-credit_debit_card": {
    "precision": 0.9766536964980544,
    "recall": 0.916058394160584,
    "f1": 0.9453860640301318,
    "support": 274.0
  },
  "I-date": {
    "precision": 1.0,
    "recall": 0.6320754716981132,
    "f1": 0.7745664739884393,
    "support": 212.0
  },
  "I-date_of_birth": {
    "precision": 0.0,
    "recall": 0.0,
    "f1": 0.0,
    "support": 0.0
  },
  "I-email": {
    "precision": 0.0,
    "recall": 0.0,
    "f1": 0.0,
    "support": 1.0
  },
  "I-first_name": {
    "precision": 0.02857142857142857,
    "recall": 0.2,
    "f1": 0.05,
    "support": 5.0
  },
  "I-last_name": {
    "precision": 0.3333333333333333,
    "recall": 1.0,
    "f1": 0.5,
    "support": 1.0
  },
  "I-phone_number": {
    "precision": 0.6336633663366337,
    "recall": 0.9230769230769231,
    "f1": 0.7514677103718199,
    "support": 208.0
  },
  "I-postcode": {
    "precision": 0.2,
    "recall": 0.5,
    "f1": 0.2857142857142857,
    "support": 2.0
  },
  "I-ssn": {
    "precision": 0.0,
    "recall": 0.0,
    "f1": 0.0,
    "support": 0.0
  },
  "I-street_address": {
    "precision": 0.9963898916967509,
    "recall": 0.5762004175365344,
    "f1": 0.7301587301587301,
    "support": 479.0
  },
  "I-tax_id": {
    "precision": 0.0,
    "recall": 0.0,
    "f1": 0.0,
    "support": 1.0
  },
  "I-time": {
    "precision": 0.967741935483871,
    "recall": 0.6451612903225806,
    "f1": 0.7741935483870968,
    "support": 93.0
  }
}