{"_timestamp":1.7655057739633124e+09,"train/global_step":1000,"_wandb":{"runtime":1460},"train/grad_norm":1.060115933418274,"train/loss":0.0616,"train/learning_rate":1.908175927202537e-05,"train/epoch":0.13787398317937405,"_runtime":1460,"_step":9}