{
  "unit": "ms",
  "n_samples": 500,
  "values": [
    262.27593421936035,
    229.35199737548828,
    118.05868148803711,
    114.9892807006836,
    89.18952941894531,
    159.29651260375977,
    110.56256294250488,
    149.2481231689453,
    110.3670597076416,
    190.25111198425293,
    197.5853443145752,
    105.12185096740723,
    128.1273365020752,
    234.5254421234131,
    142.3318386077881,
    267.8520679473877,
    92.42057800292969,
    56.69116973876953,
    93.13392639160156,
    190.05584716796875,
    174.1480827331543,
    235.26835441589355,
    26.001930236816406,
    169.8908805847168,
    170.95017433166504,
    213.41300010681152,
    92.17572212219238,
    74.13268089294434,
    160.06803512573242,
    173.92539978027344,
    191.8954849243164,
    110.17775535583496,
    206.40015602111816,
    154.29353713989258,
    211.92336082458496,
    147.90606498718262,
    171.90837860107422,
    191.88761711120605,
    173.23756217956543,
    107.1004867553711,
    145.73168754577637,
    147.22204208374023,
    118.58224868774414,
    180.619478225708,
    114.47882652282715,
    181.382417678833,
    173.03895950317383,
    82.80014991760254,
    174.85499382019043,
    156.29172325134277,
    137.4533176422119,
    133.4402561187744,
    170.70460319519043,
    179.3231964111328,
    226.1967658996582,
    145.62201499938965,
    104.80475425720215,
    100.77357292175293,
    98.57439994812012,
    205.66082000732422,
    228.20663452148438,
    138.64517211914062,
    142.0600414276123,
    131.32619857788086,
    186.68413162231445,
    108.90793800354004,
    234.06720161437988,
    153.80287170410156,
    190.89889526367188,
    232.77950286865234,
    253.4482479095459,
    17.708539962768555,
    236.19794845581055,
    192.60406494140625,
    178.69806289672852,
    134.43756103515625,
    241.14441871643066,
    73.75741004943848,
    121.15883827209473,
    114.13908004760742,
    122.68400192260742,
    203.36604118347168,
    119.96722221374512,
    152.1902084350586,
    91.60423278808594,
    87.70418167114258,
    222.2609519958496,
    169.175386428833,
    259.1664791107178,
    190.7212734222412,
    97.11456298828125,
    236.21726036071777,
    177.97064781188965,
    102.85329818725586,
    151.11970901489258,
    124.63140487670898,
    201.94172859191895,
    18.670320510864258,
    211.95602416992188,
    93.40882301330566,
    177.07562446594238,
    184.83209609985352,
    174.3338108062744,
    120.21374702453613,
    88.58513832092285,
    212.18085289001465,
    117.49792098999023,
    133.9406967163086,
    207.5791358947754,
    232.11312294006348,
    127.73418426513672,
    189.75257873535156,
    32.526493072509766,
    157.8998565673828,
    21.409988403320312,
    206.9242000579834,
    172.2273826599121,
    150.79212188720703,
    196.4740753173828,
    222.93376922607422,
    190.8395290374756,
    72.14784622192383,
    212.4016284942627,
    237.02073097229004,
    180.5253028869629,
    114.0444278717041,
    121.88267707824707,
    115.54336547851562,
    96.48299217224121,
    204.02956008911133,
    144.69122886657715,
    126.77383422851562,
    150.9695053100586,
    134.5973014831543,
    123.00705909729004,
    60.629844665527344,
    159.8227024078369,
    97.22065925598145,
    141.30377769470215,
    15.918254852294922,
    151.34382247924805,
    143.5680389404297,
    151.3803005218506,
    105.97085952758789,
    230.79609870910645,
    201.89213752746582,
    194.05651092529297,
    90.55566787719727,
    107.757568359375,
    121.38509750366211,
    222.36299514770508,
    97.57828712463379,
    199.75876808166504,
    131.2425136566162,
    181.97989463806152,
    193.17030906677246,
    129.563570022583,
    174.9274730682373,
    185.5757236480713,
    104.78377342224121,
    108.75678062438965,
    138.24844360351562,
    17.879724502563477,
    154.91604804992676,
    61.70082092285156,
    135.56170463562012,
    81.92038536071777,
    125.53787231445312,
    200.9725570678711,
    158.49661827087402,
    71.81406021118164,
    101.16028785705566,
    17.246484756469727,
    94.75183486938477,
    192.4266815185547,
    142.06314086914062,
    105.47280311584473,
    31.35514259338379,
    83.00423622131348,
    156.87966346740723,
    152.4193286895752,
    101.90606117248535,
    80.72876930236816,
    142.8508758544922,
    233.57510566711426,
    210.35003662109375,
    100.12984275817871,
    88.50502967834473,
    198.00806045532227,
    148.11277389526367,
    134.0312957763672,
    115.81730842590332,
    178.48944664001465,
    93.51134300231934,
    163.04492950439453,
    238.21306228637695,
    119.01617050170898,
    129.89211082458496,
    148.58531951904297,
    207.97467231750488,
    159.09314155578613,
    171.73528671264648,
    128.004789352417,
    121.88911437988281,
    119.49801445007324,
    118.71457099914551,
    155.32851219177246,
    212.3277187347412,
    89.6918773651123,
    151.0934829711914,
    154.7238826751709,
    70.11723518371582,
    130.1724910736084,
    188.11440467834473,
    104.92157936096191,
    96.93408012390137,
    156.59689903259277,
    209.9294662475586,
    93.51396560668945,
    107.21540451049805,
    197.45683670043945,
    132.83133506774902,
    163.9256477355957,
    169.4033145904541,
    115.12422561645508,
    161.4062786102295,
    144.24991607666016,
    148.22649955749512,
    229.4161319732666,
    142.73571968078613,
    220.78251838684082,
    203.69696617126465,
    198.5635757446289,
    105.8809757232666,
    123.1076717376709,
    222.92208671569824,
    192.11363792419434,
    125.73814392089844,
    117.47050285339355,
    166.7461395263672,
    192.5973892211914,
    195.33801078796387,
    69.13971900939941,
    174.8790740966797,
    179.47864532470703,
    115.30900001525879,
    272.4003791809082,
    64.79144096374512,
    111.56606674194336,
    131.26373291015625,
    219.3148136138916,
    234.42363739013672,
    220.81542015075684,
    247.64227867126465,
    84.72108840942383,
    206.53128623962402,
    173.80404472351074,
    79.95414733886719,
    117.23875999450684,
    128.8764476776123,
    35.89773178100586,
    135.50829887390137,
    112.6406192779541,
    162.96005249023438,
    36.14211082458496,
    193.0091381072998,
    220.12615203857422,
    86.09533309936523,
    111.53888702392578,
    83.13894271850586,
    69.11802291870117,
    116.4255142211914,
    130.8724880218506,
    94.58136558532715,
    119.53997611999512,
    150.34222602844238,
    220.12615203857422,
    50.43387413024902,
    254.7922134399414,
    169.28696632385254,
    162.31918334960938,
    156.3401222229004,
    246.98424339294434,
    153.03564071655273,
    109.53116416931152,
    125.99468231201172,
    174.4844913482666,
    142.63153076171875,
    168.91837120056152,
    115.6308650970459,
    263.08417320251465,
    83.9378833770752,
    150.5565643310547,
    94.83599662780762,
    136.90686225891113,
    27.559280395507812,
    196.8388557434082,
    172.33848571777344,
    93.63532066345215,
    153.9006233215332,
    132.27248191833496,
    155.45988082885742,
    224.1077423095703,
    245.4366683959961,
    232.60784149169922,
    171.9670295715332,
    102.46682167053223,
    153.29718589782715,
    163.34128379821777,
    174.60060119628906,
    222.0151424407959,
    31.13269805908203,
    102.0193099975586,
    150.00486373901367,
    204.82611656188965,
    106.97054862976074,
    141.7703628540039,
    109.46154594421387,
    82.5965404510498,
    166.17321968078613,
    144.70243453979492,
    105.02123832702637,
    193.21274757385254,
    180.82308769226074,
    89.5833969116211,
    166.7768955230713,
    120.4378604888916,
    76.08294486999512,
    118.61443519592285,
    127.22301483154297,
    192.1670436859131,
    84.7470760345459,
    132.73215293884277,
    153.68032455444336,
    126.3420581817627,
    114.35151100158691,
    168.11823844909668,
