{
  "train": {
    "eval_loss": 0.07092346996068954,
    "eval_model_preparation_time": 0.0028,
    "eval_precision": 0.721923984799192,
    "eval_recall": 0.8008288737778135,
    "eval_f1": 0.759332111502573,
    "eval_accuracy": 0.9786436579999593,
    "eval_samples_per_second": 101.69,
    "eval_steps_per_second": 3.179
  },
  "validation": {
    "eval_loss": 0.08680291473865509,
    "eval_model_preparation_time": 0.0028,
    "eval_precision": 0.7134704628119904,
    "eval_recall": 0.7838638555877084,
    "eval_f1": 0.7470124753775442,
    "eval_accuracy": 0.9758886815912268,
    "eval_samples_per_second": 105.813,
    "eval_steps_per_second": 3.31
  },
  "test": {
    "eval_loss": 0.0797150582075119,
    "eval_model_preparation_time": 0.0028,
    "eval_precision": 0.7091765669807456,
    "eval_recall": 0.78937528499772,
    "eval_f1": 0.7471299093655589,
    "eval_accuracy": 0.9765209035700392,
    "eval_samples_per_second": 105.441,
    "eval_steps_per_second": 3.299
  }
}