{
  "B-age": {
    "precision": 0.0,
    "recall": 0.0,
    "f1": 0.0,
    "support": 37.0
  },
  "B-city": {
    "precision": 0.27325581395348836,
    "recall": 0.8909952606635071,
    "f1": 0.41824249165739713,
    "support": 211.0
  },
  "B-date": {
    "precision": 0.4680664916885389,
    "recall": 0.7514044943820225,
    "f1": 0.5768194070080862,
    "support": 712.0
  },
  "B-date_of_birth": {
    "precision": 1.0,
    "recall": 0.9923664122137404,
    "f1": 0.9961685823754789,
    "support": 131.0
  },
  "B-first_name": {
    "precision": 1.0,
    "recall": 0.9277310924369748,
    "f1": 0.962510897994769,
    "support": 595.0
  },
  "B-last_name": {
    "precision": 0.4121212121212121,
    "recall": 0.1588785046728972,
    "f1": 0.22934232715008432,
    "support": 428.0
  },
  "B-street_address": {
    "precision": 0.0,
    "recall": 0.0,
    "f1": 0.0,
    "support": 183.0
  },
  "B-time": {
    "precision": 0.6291079812206573,
    "recall": 0.7745664739884393,
    "f1": 0.694300518134715,
    "support": 173.0
  },
  "I-age": {
    "precision": 0.0,
    "recall": 0.0,
    "f1": 0.0,
    "support": 0.0
  },
  "I-city": {
    "precision": 0.1722488038277512,
    "recall": 0.8181818181818182,
    "f1": 0.2845849802371542,
    "support": 44.0
  },
  "I-date": {
    "precision": 0.21739130434782608,
    "recall": 0.8962264150943396,
    "f1": 0.34990791896869244,
    "support": 212.0
  },
  "I-first_name": {
    "precision": 1.0,
    "recall": 0.2,
    "f1": 0.3333333333333333,
    "support": 5.0
  },
  "I-last_name": {
    "precision": 0.0027472527472527475,
    "recall": 1.0,
    "f1": 0.005479452054794521,
    "support": 1.0
  },
  "I-street_address": {
    "precision": 0.25,
    "recall": 0.0020876826722338203,
    "f1": 0.004140786749482402,
    "support": 479.0
  },
  "I-time": {
    "precision": 0.4473684210526316,
    "recall": 0.7311827956989247,
    "f1": 0.5551020408163265,
    "support": 93.0
  }
}