{"eval/samples_per_second":19.984,"total_flos":2.426569234411684e+17,"_timestamp":1.765121646050414e+09,"train_steps_per_second":0.283,"train_loss":0.03675847061571131,"eval/steps_per_second":0.625,"train/epoch":2,"eval/accuracy":0.9926196575017042,"train/grad_norm":0.3833416700363159,"train/loss":0.019,"train_samples_per_second":18.087,"eval/runtime":5808.6128,"eval/precision":0.9387309399653418,"train/learning_rate":9.651178822556184e-09,"_step":297,"train/global_step":14506,"eval/loss":0.020810583606362343,"_runtime":51324,"eval/f1":0.9410056991469127,"eval/recall":0.9432915096289936,"train_runtime":51324.1048,"_wandb":{"runtime":51324}}