{"_step":9,"train/grad_norm":2.1928999423980713,"_runtime":1577,"train/epoch":0.13787398317937405,"train/global_step":1000,"_timestamp":1.7655077666188016e+09,"train/loss":0.0615,"train/learning_rate":1.908175927202537e-05,"_wandb":{"runtime":1577}}