{
  "B-city": {
    "precision": 0.22485207100591717,
    "recall": 0.9004739336492891,
    "f1": 0.35984848484848486,
    "support": 211.0
  },
  "B-first_name": {
    "precision": 1.0,
    "recall": 0.8218487394957983,
    "f1": 0.9022140221402214,
    "support": 595.0
  },
  "B-last_name": {
    "precision": 0.7676056338028169,
    "recall": 0.2546728971962617,
    "f1": 0.3824561403508772,
    "support": 428.0
  },
  "B-street_address": {
    "precision": 0.23076923076923078,
    "recall": 0.22950819672131148,
    "f1": 0.23013698630136986,
    "support": 183.0
  },
  "I-city": {
    "precision": 0.09762532981530343,
    "recall": 0.8409090909090909,
    "f1": 0.17494089834515367,
    "support": 44.0
  },
  "I-first_name": {
    "precision": 0.0,
    "recall": 0.0,
    "f1": 0.0,
    "support": 5.0
  },
  "I-last_name": {
    "precision": 0.0,
    "recall": 0.0,
    "f1": 0.0,
    "support": 1.0
  },
  "I-street_address": {
    "precision": 0.9861751152073732,
    "recall": 0.44676409185803756,
    "f1": 0.6149425287356322,
    "support": 479.0
  }
}