{"train/grad_norm":0.9743309020996094,"_step":9,"_wandb":{"runtime":5520},"train/learning_rate":1.908175927202537e-05,"train/loss":0.0611,"train/epoch":0.13787398317937405,"train/global_step":1000,"_runtime":5520,"_timestamp":1.7655181094010541e+09}